RID,DESIGN_ROW,SCENARIO,SEQ,pref1,a1_x1,a1_x2,a1_x3,a2_x1,a2_x2,a2_x3,a3_x1,a3_x2,a3_x3
3,5,1,1,1,1,1,1,3,1,2,1,2,4
3,6,2,2,1,1,1,1,1,3,3,2,1,1
3,7,3,3,1,1,1,1,3,3,3,1,2,2
3,8,4,4,1,1,1,1,3,2,3,2,3,4
7,5,1,1,,1,1,1,3,1,2,1,2,4
13,5,1,1,3,1,1,1,3,1,2,1,2,4
13,6,2,2,2,1,1,1,1,3,3,2,1,1
13,7,3,3,3,1,1,1,3,3,3,1,2,2
13,8,4,4,3,1,1,1,3,2,3,2,3,4
17,5,1,1,2,1,1,1,3,1,2,1,2,4
17,6,2,2,3,1,1,1,1,3,3,2,1,1
17,7,3,3,3,1,1,1,3,3,3,1,2,2
17,8,4,4,1,1,1,1,3,2,3,2,3,4
15,5,1,1,1,1,1,1,3,1,2,1,2,4
15,6,2,2,2,1,1,1,1,3,3,2,1,1
15,7,3,3,3,1,1,1,3,3,3,1,2,2
15,8,4,4,1,1,1,1,3,2,3,2,3,4
21,1,1,1,1,1,1,1,1,1,2,2,3,3
21,2,2,2,3,1,1,1,2,2,4,3,1,1
21,3,3,3,2,1,1,1,3,2,2,1,1,1
21,4,4,4,3,1,1,1,2,1,1,3,2,2
22,1,1,1,3,1,1,1,1,1,2,2,3,3
22,2,2,2,1,1,1,1,2,2,4,3,1,1
22,3,3,3,2,1,1,1,3,2,2,1,1,1
22,4,4,4,3,1,1,1,2,1,1,3,2,2
23,5,1,1,1,1,1,1,3,1,2,1,2,4
23,6,2,2,2,1,1,1,1,3,3,2,1,1
23,7,3,3,3,1,1,1,3,3,3,1,2,2
23,8,4,4,1,1,1,1,3,2,3,2,3,4
20,1,1,1,3,1,1,1,1,1,2,2,3,3
20,2,2,2,3,1,1,1,2,2,4,3,1,1
20,3,3,3,3,1,1,1,3,2,2,1,1,1
20,4,4,4,2,1,1,1,2,1,1,3,2,2
16,5,1,1,3,1,1,1,3,1,2,1,2,4
16,6,2,2,2,1,1,1,1,3,3,2,1,1
16,7,3,3,3,1,1,1,3,3,3,1,2,2
16,8,4,4,3,1,1,1,3,2,3,2,3,4
25,1,1,1,3,1,1,1,1,1,2,2,3,3
25,2,2,2,3,1,1,1,2,2,4,3,1,1
25,3,3,3,3,1,1,1,3,2,2,1,1,1
25,4,4,4,2,1,1,1,2,1,1,3,2,2
19,1,1,1,3,1,1,1,1,1,2,2,3,3
19,2,2,2,2,1,1,1,2,2,4,3,1,1
19,3,3,3,2,1,1,1,3,2,2,1,1,1
19,4,4,4,3,1,1,1,2,1,1,3,2,2
27,5,1,1,3,1,1,1,3,1,2,1,2,4
27,6,2,2,2,1,1,1,1,3,3,2,1,1
27,7,3,3,3,1,1,1,3,3,3,1,2,2
27,8,4,4,3,1,1,1,3,2,3,2,3,4
28,1,1,1,3,1,1,1,1,1,2,2,3,3
28,2,2,2,1,1,1,1,2,2,4,3,1,1
28,3,3,3,3,1,1,1,3,2,2,1,1,1
28,4,4,4,2,1,1,1,2,1,1,3,2,2
34,1,1,1,2,1,1,1,1,1,2,2,3,3
34,2,2,2,1,1,1,1,2,2,4,3,1,1
34,3,3,3,3,1,1,1,3,2,2,1,1,1
34,4,4,4,1,1,1,1,2,1,1,3,2,2
33,5,1,1,3,1,1,1,3,1,2,1,2,4
33,6,2,2,2,1,1,1,1,3,3,2,1,1
33,7,3,3,3,1,1,1,3,3,3,1,2,2
33,8,4,4,3,1,1,1,3,2,3,2,3,4
29,1,1,1,1,1,1,1,1,1,2,2,3,3
29,2,2,2,1,1,1,1,2,2,4,3,1,1
29,3,3,3,3,1,1,1,3,2,2,1,1,1
29,4,4,4,2,1,1,1,2,1,1,3,2,2
42,1,1,1,3,1,1,1,1,1,2,2,3,3
42,2,2,2,2,1,1,1,2,2,4,3,1,1
42,3,3,3,2,1,1,1,3,2,2,1,1,1
42,4,4,4,2,1,1,1,2,1,1,3,2,2
31,1,1,1,2,1,1,1,1,1,2,2,3,3
31,2,2,2,1,1,1,1,2,2,4,3,1,1
31,3,3,3,3,1,1,1,3,2,2,1,1,1
31,4,4,4,2,1,1,1,2,1,1,3,2,2
39,5,1,1,3,1,1,1,3,1,2,1,2,4
39,6,2,2,2,1,1,1,1,3,3,2,1,1
39,7,3,3,3,1,1,1,3,3,3,1,2,2
39,8,4,4,3,1,1,1,3,2,3,2,3,4
30,5,1,1,1,1,1,1,3,1,2,1,2,4
30,6,2,2,1,1,1,1,1,3,3,2,1,1
30,7,3,3,3,1,1,1,3,3,3,1,2,2
30,8,4,4,1,1,1,1,3,2,3,2,3,4
35,5,1,1,2,1,1,1,3,1,2,1,2,4
35,6,2,2,2,1,1,1,1,3,3,2,1,1
35,7,3,3,3,1,1,1,3,3,3,1,2,2
35,8,4,4,3,1,1,1,3,2,3,2,3,4
24,1,1,1,2,1,1,1,1,1,2,2,3,3
24,2,2,2,1,1,1,1,2,2,4,3,1,1
24,3,3,3,3,1,1,1,3,2,2,1,1,1
24,4,4,4,3,1,1,1,2,1,1,3,2,2
46,1,1,1,2,1,1,1,1,1,2,2,3,3
46,2,2,2,3,1,1,1,2,2,4,3,1,1
46,3,3,3,2,1,1,1,3,2,2,1,1,1
46,4,4,4,3,1,1,1,2,1,1,3,2,2
53,1,1,1,2,1,1,1,1,1,2,2,3,3
53,2,2,2,3,1,1,1,2,2,4,3,1,1
53,3,3,3,2,1,1,1,3,2,2,1,1,1
53,4,4,4,2,1,1,1,2,1,1,3,2,2
40,1,1,1,3,1,1,1,1,1,2,2,3,3
40,2,2,2,2,1,1,1,2,2,4,3,1,1
40,3,3,3,3,1,1,1,3,2,2,1,1,1
40,4,4,4,2,1,1,1,2,1,1,3,2,2
52,1,1,1,3,1,1,1,1,1,2,2,3,3
52,2,2,2,1,1,1,1,2,2,4,3,1,1
52,3,3,3,3,1,1,1,3,2,2,1,1,1
52,4,4,4,3,1,1,1,2,1,1,3,2,2
50,5,1,1,2,1,1,1,3,1,2,1,2,4
50,6,2,2,1,1,1,1,1,3,3,2,1,1
50,7,3,3,2,1,1,1,3,3,3,1,2,2
50,8,4,4,2,1,1,1,3,2,3,2,3,4
18,1,1,1,2,1,1,1,1,1,2,2,3,3
18,2,2,2,1,1,1,1,2,2,4,3,1,1
18,3,3,3,3,1,1,1,3,2,2,1,1,1
18,4,4,4,2,1,1,1,2,1,1,3,2,2
47,5,1,1,3,1,1,1,3,1,2,1,2,4
47,6,2,2,3,1,1,1,1,3,3,2,1,1
47,7,3,3,3,1,1,1,3,3,3,1,2,2
47,8,4,4,3,1,1,1,3,2,3,2,3,4
45,5,1,1,3,1,1,1,3,1,2,1,2,4
45,6,2,2,2,1,1,1,1,3,3,2,1,1
45,7,3,3,2,1,1,1,3,3,3,1,2,2
45,8,4,4,3,1,1,1,3,2,3,2,3,4
62,1,1,1,2,1,1,1,1,1,2,2,3,3
62,2,2,2,3,1,1,1,2,2,4,3,1,1
62,3,3,3,2,1,1,1,3,2,2,1,1,1
62,4,4,4,2,1,1,1,2,1,1,3,2,2
54,1,1,1,3,1,1,1,1,1,2,2,3,3
54,2,2,2,1,1,1,1,2,2,4,3,1,1
54,3,3,3,2,1,1,1,3,2,2,1,1,1
54,4,4,4,2,1,1,1,2,1,1,3,2,2
71,5,1,1,1,1,1,1,3,1,2,1,2,4
71,6,2,2,1,1,1,1,1,3,3,2,1,1
71,7,3,3,1,1,1,1,3,3,3,1,2,2
71,8,4,4,1,1,1,1,3,2,3,2,3,4
41,5,1,1,1,1,1,1,3,1,2,1,2,4
41,6,2,2,1,1,1,1,1,3,3,2,1,1
41,7,3,3,3,1,1,1,3,3,3,1,2,2
41,8,4,4,1,1,1,1,3,2,3,2,3,4
56,5,1,1,3,1,1,1,3,1,2,1,2,4
56,6,2,2,2,1,1,1,1,3,3,2,1,1
56,7,3,3,2,1,1,1,3,3,3,1,2,2
56,8,4,4,3,1,1,1,3,2,3,2,3,4
59,1,1,1,3,1,1,1,1,1,2,2,3,3
59,2,2,2,2,1,1,1,2,2,4,3,1,1
59,3,3,3,2,1,1,1,3,2,2,1,1,1
59,4,4,4,3,1,1,1,2,1,1,3,2,2
83,5,1,1,2,1,1,1,3,1,2,1,2,4
83,6,2,2,1,1,1,1,1,3,3,2,1,1
83,7,3,3,3,1,1,1,3,3,3,1,2,2
83,8,4,4,2,1,1,1,3,2,3,2,3,4
43,5,1,1,2,1,1,1,3,1,2,1,2,4
43,6,2,2,2,1,1,1,1,3,3,2,1,1
43,7,3,3,2,1,1,1,3,3,3,1,2,2
43,8,4,4,3,1,1,1,3,2,3,2,3,4
69,5,1,1,3,1,1,1,3,1,2,1,2,4
69,6,2,2,2,1,1,1,1,3,3,2,1,1
69,7,3,3,3,1,1,1,3,3,3,1,2,2
69,8,4,4,3,1,1,1,3,2,3,2,3,4
76,1,1,1,1,1,1,1,1,1,2,2,3,3
76,2,2,2,1,1,1,1,2,2,4,3,1,1
76,3,3,3,1,1,1,1,3,2,2,1,1,1
76,4,4,4,1,1,1,1,2,1,1,3,2,2
85,5,1,1,2,1,1,1,3,1,2,1,2,4
85,6,2,2,2,1,1,1,1,3,3,2,1,1
85,7,3,3,3,1,1,1,3,3,3,1,2,2
85,8,4,4,3,1,1,1,3,2,3,2,3,4
37,5,1,1,3,1,1,1,3,1,2,1,2,4
37,6,2,2,2,1,1,1,1,3,3,2,1,1
37,7,3,3,2,1,1,1,3,3,3,1,2,2
37,8,4,4,3,1,1,1,3,2,3,2,3,4
67,1,1,1,3,1,1,1,1,1,2,2,3,3
67,2,2,2,1,1,1,1,2,2,4,3,1,1
67,3,3,3,3,1,1,1,3,2,2,1,1,1
67,4,4,4,2,1,1,1,2,1,1,3,2,2
38,5,1,1,1,1,1,1,3,1,2,1,2,4
38,6,2,2,2,1,1,1,1,3,3,2,1,1
38,7,3,3,1,1,1,1,3,3,3,1,2,2
38,8,4,4,1,1,1,1,3,2,3,2,3,4
75,5,1,1,3,1,1,1,3,1,2,1,2,4
75,6,2,2,2,1,1,1,1,3,3,2,1,1
75,7,3,3,3,1,1,1,3,3,3,1,2,2
75,8,4,4,3,1,1,1,3,2,3,2,3,4
49,5,1,1,2,1,1,1,3,1,2,1,2,4
49,6,2,2,2,1,1,1,1,3,3,2,1,1
49,7,3,3,3,1,1,1,3,3,3,1,2,2
49,8,4,4,3,1,1,1,3,2,3,2,3,4
44,5,1,1,3,1,1,1,3,1,2,1,2,4
44,6,2,2,2,1,1,1,1,3,3,2,1,1
44,7,3,3,3,1,1,1,3,3,3,1,2,2
44,8,4,4,3,1,1,1,3,2,3,2,3,4
72,5,1,1,1,1,1,1,3,1,2,1,2,4
72,6,2,2,2,1,1,1,1,3,3,2,1,1
72,7,3,3,3,1,1,1,3,3,3,1,2,2
72,8,4,4,2,1,1,1,3,2,3,2,3,4
57,5,1,1,3,1,1,1,3,1,2,1,2,4
57,6,2,2,2,1,1,1,1,3,3,2,1,1
57,7,3,3,3,1,1,1,3,3,3,1,2,2
57,8,4,4,3,1,1,1,3,2,3,2,3,4
51,5,1,1,2,1,1,1,3,1,2,1,2,4
51,6,2,2,2,1,1,1,1,3,3,2,1,1
51,7,3,3,2,1,1,1,3,3,3,1,2,2
51,8,4,4,2,1,1,1,3,2,3,2,3,4
89,5,1,1,3,1,1,1,3,1,2,1,2,4
89,6,2,2,2,1,1,1,1,3,3,2,1,1
89,7,3,3,2,1,1,1,3,3,3,1,2,2
89,8,4,4,3,1,1,1,3,2,3,2,3,4
91,1,1,1,3,1,1,1,1,1,2,2,3,3
91,2,2,2,1,1,1,1,2,2,4,3,1,1
91,3,3,3,3,1,1,1,3,2,2,1,1,1
91,4,4,4,1,1,1,1,2,1,1,3,2,2
94,1,1,1,2,1,1,1,1,1,2,2,3,3
94,2,2,2,1,1,1,1,2,2,4,3,1,1
94,3,3,3,3,1,1,1,3,2,2,1,1,1
94,4,4,4,2,1,1,1,2,1,1,3,2,2
84,5,1,1,1,1,1,1,3,1,2,1,2,4
84,6,2,2,3,1,1,1,1,3,3,2,1,1
84,7,3,3,1,1,1,1,3,3,3,1,2,2
84,8,4,4,2,1,1,1,3,2,3,2,3,4
90,1,1,1,3,1,1,1,1,1,2,2,3,3
90,2,2,2,2,1,1,1,2,2,4,3,1,1
90,3,3,3,3,1,1,1,3,2,2,1,1,1
90,4,4,4,2,1,1,1,2,1,1,3,2,2
97,5,1,1,3,1,1,1,3,1,2,1,2,4
97,6,2,2,2,1,1,1,1,3,3,2,1,1
97,7,3,3,2,1,1,1,3,3,3,1,2,2
97,8,4,4,3,1,1,1,3,2,3,2,3,4
55,5,1,1,1,1,1,1,3,1,2,1,2,4
55,6,2,2,2,1,1,1,1,3,3,2,1,1
55,7,3,3,3,1,1,1,3,3,3,1,2,2
55,8,4,4,1,1,1,1,3,2,3,2,3,4
48,1,1,1,3,1,1,1,1,1,2,2,3,3
48,2,2,2,3,1,1,1,2,2,4,3,1,1
48,3,3,3,2,1,1,1,3,2,2,1,1,1
48,4,4,4,3,1,1,1,2,1,1,3,2,2
78,1,1,1,2,1,1,1,1,1,2,2,3,3
78,2,2,2,1,1,1,1,2,2,4,3,1,1
78,3,3,3,3,1,1,1,3,2,2,1,1,1
78,4,4,4,2,1,1,1,2,1,1,3,2,2
80,5,1,1,2,1,1,1,3,1,2,1,2,4
80,6,2,2,2,1,1,1,1,3,3,2,1,1
80,7,3,3,2,1,1,1,3,3,3,1,2,2
80,8,4,4,2,1,1,1,3,2,3,2,3,4
87,1,1,1,1,1,1,1,1,1,2,2,3,3
87,2,2,2,1,1,1,1,2,2,4,3,1,1
87,3,3,3,3,1,1,1,3,2,2,1,1,1
87,4,4,4,2,1,1,1,2,1,1,3,2,2
86,1,1,1,2,1,1,1,1,1,2,2,3,3
86,2,2,2,2,1,1,1,2,2,4,3,1,1
86,3,3,3,2,1,1,1,3,2,2,1,1,1
86,4,4,4,3,1,1,1,2,1,1,3,2,2
26,1,1,1,3,1,1,1,1,1,2,2,3,3
26,2,2,2,2,1,1,1,2,2,4,3,1,1
26,3,3,3,3,1,1,1,3,2,2,1,1,1
26,4,4,4,2,1,1,1,2,1,1,3,2,2
104,1,1,1,3,1,1,1,1,1,2,2,3,3
104,2,2,2,2,1,1,1,2,2,4,3,1,1
104,3,3,3,2,1,1,1,3,2,2,1,1,1
104,4,4,4,3,1,1,1,2,1,1,3,2,2
98,1,1,1,2,1,1,1,1,1,2,2,3,3
98,2,2,2,3,1,1,1,2,2,4,3,1,1
98,3,3,3,2,1,1,1,3,2,2,1,1,1
98,4,4,4,3,1,1,1,2,1,1,3,2,2
99,1,1,1,3,1,1,1,1,1,2,2,3,3
99,2,2,2,3,1,1,1,2,2,4,3,1,1
99,3,3,3,1,1,1,1,3,2,2,1,1,1
99,4,4,4,2,1,1,1,2,1,1,3,2,2
66,5,1,1,2,1,1,1,3,1,2,1,2,4
66,6,2,2,2,1,1,1,1,3,3,2,1,1
66,7,3,3,1,1,1,1,3,3,3,1,2,2
66,8,4,4,2,1,1,1,3,2,3,2,3,4
61,1,1,1,2,1,1,1,1,1,2,2,3,3
61,2,2,2,3,1,1,1,2,2,4,3,1,1
61,3,3,3,2,1,1,1,3,2,2,1,1,1
61,4,4,4,3,1,1,1,2,1,1,3,2,2
74,1,1,1,3,1,1,1,1,1,2,2,3,3
74,2,2,2,2,1,1,1,2,2,4,3,1,1
74,3,3,3,3,1,1,1,3,2,2,1,1,1
74,4,4,4,2,1,1,1,2,1,1,3,2,2
106,1,1,1,3,1,1,1,1,1,2,2,3,3
106,2,2,2,3,1,1,1,2,2,4,3,1,1
106,3,3,3,2,1,1,1,3,2,2,1,1,1
106,4,4,4,2,1,1,1,2,1,1,3,2,2
110,1,1,1,1,1,1,1,1,1,2,2,3,3
110,2,2,2,1,1,1,1,2,2,4,3,1,1
110,3,3,3,3,1,1,1,3,2,2,1,1,1
110,4,4,4,2,1,1,1,2,1,1,3,2,2
63,5,1,1,1,1,1,1,3,1,2,1,2,4
63,6,2,2,2,1,1,1,1,3,3,2,1,1
63,7,3,3,3,1,1,1,3,3,3,1,2,2
63,8,4,4,1,1,1,1,3,2,3,2,3,4
79,5,1,1,2,1,1,1,3,1,2,1,2,4
79,6,2,2,3,1,1,1,1,3,3,2,1,1
79,7,3,3,3,1,1,1,3,3,3,1,2,2
79,8,4,4,3,1,1,1,3,2,3,2,3,4
100,1,1,1,3,1,1,1,1,1,2,2,3,3
100,2,2,2,3,1,1,1,2,2,4,3,1,1
100,3,3,3,2,1,1,1,3,2,2,1,1,1
100,4,4,4,3,1,1,1,2,1,1,3,2,2
58,5,1,1,3,1,1,1,3,1,2,1,2,4
58,6,2,2,2,1,1,1,1,3,3,2,1,1
58,7,3,3,2,1,1,1,3,3,3,1,2,2
58,8,4,4,3,1,1,1,3,2,3,2,3,4
118,5,1,1,2,1,1,1,3,1,2,1,2,4
118,6,2,2,1,1,1,1,1,3,3,2,1,1
118,7,3,3,3,1,1,1,3,3,3,1,2,2
118,8,4,4,2,1,1,1,3,2,3,2,3,4
114,1,1,1,3,1,1,1,1,1,2,2,3,3
114,2,2,2,1,1,1,1,2,2,4,3,1,1
114,3,3,3,1,1,1,1,3,2,2,1,1,1
114,4,4,4,2,1,1,1,2,1,1,3,2,2
129,1,1,1,1,1,1,1,1,1,2,2,3,3
129,2,2,2,3,1,1,1,2,2,4,3,1,1
129,3,3,3,2,1,1,1,3,2,2,1,1,1
129,4,4,4,3,1,1,1,2,1,1,3,2,2
93,5,1,1,1,1,1,1,3,1,2,1,2,4
93,6,2,2,1,1,1,1,1,3,3,2,1,1
93,7,3,3,1,1,1,1,3,3,3,1,2,2
93,8,4,4,1,1,1,1,3,2,3,2,3,4
113,1,1,1,3,1,1,1,1,1,2,2,3,3
113,2,2,2,1,1,1,1,2,2,4,3,1,1
113,3,3,3,2,1,1,1,3,2,2,1,1,1
113,4,4,4,2,1,1,1,2,1,1,3,2,2
109,1,1,1,1,1,1,1,1,1,2,2,3,3
109,2,2,2,1,1,1,1,2,2,4,3,1,1
109,3,3,3,3,1,1,1,3,2,2,1,1,1
109,4,4,4,2,1,1,1,2,1,1,3,2,2
95,1,1,1,1,1,1,1,1,1,2,2,3,3
95,2,2,2,1,1,1,1,2,2,4,3,1,1
95,3,3,3,1,1,1,1,3,2,2,1,1,1
95,4,4,4,1,1,1,1,2,1,1,3,2,2
120,1,1,1,1,1,1,1,1,1,2,2,3,3
120,2,2,2,2,1,1,1,2,2,4,3,1,1
120,3,3,3,2,1,1,1,3,2,2,1,1,1
120,4,4,4,3,1,1,1,2,1,1,3,2,2
102,1,1,1,3,1,1,1,1,1,2,2,3,3
102,2,2,2,2,1,1,1,2,2,4,3,1,1
102,3,3,3,2,1,1,1,3,2,2,1,1,1
102,4,4,4,3,1,1,1,2,1,1,3,2,2
65,1,1,1,2,1,1,1,1,1,2,2,3,3
65,2,2,2,1,1,1,1,2,2,4,3,1,1
65,3,3,3,3,1,1,1,3,2,2,1,1,1
65,4,4,4,2,1,1,1,2,1,1,3,2,2
77,5,1,1,3,1,1,1,3,1,2,1,2,4
77,6,2,2,2,1,1,1,1,3,3,2,1,1
77,7,3,3,2,1,1,1,3,3,3,1,2,2
77,8,4,4,2,1,1,1,3,2,3,2,3,4
64,5,1,1,3,1,1,1,3,1,2,1,2,4
64,6,2,2,2,1,1,1,1,3,3,2,1,1
64,7,3,3,3,1,1,1,3,3,3,1,2,2
64,8,4,4,3,1,1,1,3,2,3,2,3,4
163,1,1,1,2,1,1,1,1,1,2,2,3,3
163,2,2,2,2,1,1,1,2,2,4,3,1,1
163,3,3,3,3,1,1,1,3,2,2,1,1,1
163,4,4,4,1,1,1,1,2,1,1,3,2,2
122,5,1,1,1,1,1,1,3,1,2,1,2,4
122,6,2,2,2,1,1,1,1,3,3,2,1,1
122,7,3,3,3,1,1,1,3,3,3,1,2,2
122,8,4,4,1,1,1,1,3,2,3,2,3,4
92,5,1,1,1,1,1,1,3,1,2,1,2,4
92,6,2,2,2,1,1,1,1,3,3,2,1,1
92,7,3,3,1,1,1,1,3,3,3,1,2,2
92,8,4,4,1,1,1,1,3,2,3,2,3,4
159,5,1,1,3,1,1,1,3,1,2,1,2,4
159,6,2,2,2,1,1,1,1,3,3,2,1,1
159,7,3,3,2,1,1,1,3,3,3,1,2,2
159,8,4,4,3,1,1,1,3,2,3,2,3,4
111,5,1,1,2,1,1,1,3,1,2,1,2,4
111,6,2,2,2,1,1,1,1,3,3,2,1,1
111,7,3,3,3,1,1,1,3,3,3,1,2,2
111,8,4,4,2,1,1,1,3,2,3,2,3,4
131,1,1,1,2,1,1,1,1,1,2,2,3,3
131,2,2,2,3,1,1,1,2,2,4,3,1,1
131,3,3,3,3,1,1,1,3,2,2,1,1,1
131,4,4,4,2,1,1,1,2,1,1,3,2,2
138,1,1,1,2,1,1,1,1,1,2,2,3,3
138,2,2,2,3,1,1,1,2,2,4,3,1,1
138,3,3,3,3,1,1,1,3,2,2,1,1,1
138,4,4,4,2,1,1,1,2,1,1,3,2,2
172,1,1,1,2,1,1,1,1,1,2,2,3,3
172,2,2,2,3,1,1,1,2,2,4,3,1,1
172,3,3,3,2,1,1,1,3,2,2,1,1,1
172,4,4,4,3,1,1,1,2,1,1,3,2,2
70,5,1,1,1,1,1,1,3,1,2,1,2,4
70,6,2,2,2,1,1,1,1,3,3,2,1,1
70,7,3,3,3,1,1,1,3,3,3,1,2,2
70,8,4,4,1,1,1,1,3,2,3,2,3,4
119,1,1,1,1,1,1,1,1,1,2,2,3,3
119,2,2,2,1,1,1,1,2,2,4,3,1,1
119,3,3,3,1,1,1,1,3,2,2,1,1,1
119,4,4,4,1,1,1,1,2,1,1,3,2,2
147,5,1,1,3,1,1,1,3,1,2,1,2,4
147,6,2,2,2,1,1,1,1,3,3,2,1,1
147,7,3,3,3,1,1,1,3,3,3,1,2,2
147,8,4,4,3,1,1,1,3,2,3,2,3,4
116,5,1,1,2,1,1,1,3,1,2,1,2,4
116,6,2,2,3,1,1,1,1,3,3,2,1,1
116,7,3,3,3,1,1,1,3,3,3,1,2,2
116,8,4,4,2,1,1,1,3,2,3,2,3,4
158,1,1,1,3,1,1,1,1,1,2,2,3,3
158,2,2,2,2,1,1,1,2,2,4,3,1,1
158,3,3,3,2,1,1,1,3,2,2,1,1,1
158,4,4,4,3,1,1,1,2,1,1,3,2,2
133,5,1,1,3,1,1,1,3,1,2,1,2,4
133,6,2,2,2,1,1,1,1,3,3,2,1,1
133,7,3,3,3,1,1,1,3,3,3,1,2,2
133,8,4,4,2,1,1,1,3,2,3,2,3,4
149,5,1,1,1,1,1,1,3,1,2,1,2,4
149,6,2,2,1,1,1,1,1,3,3,2,1,1
149,7,3,3,1,1,1,1,3,3,3,1,2,2
149,8,4,4,1,1,1,1,3,2,3,2,3,4
112,5,1,1,3,1,1,1,3,1,2,1,2,4
112,6,2,2,2,1,1,1,1,3,3,2,1,1
112,7,3,3,2,1,1,1,3,3,3,1,2,2
112,8,4,4,3,1,1,1,3,2,3,2,3,4
125,1,1,1,2,1,1,1,1,1,2,2,3,3
125,2,2,2,3,1,1,1,2,2,4,3,1,1
125,3,3,3,2,1,1,1,3,2,2,1,1,1
125,4,4,4,1,1,1,1,2,1,1,3,2,2
167,1,1,1,3,1,1,1,1,1,2,2,3,3
167,2,2,2,3,1,1,1,2,2,4,3,1,1
167,3,3,3,2,1,1,1,3,2,2,1,1,1
167,4,4,4,2,1,1,1,2,1,1,3,2,2
101,1,1,1,3,1,1,1,1,1,2,2,3,3
101,2,2,2,2,1,1,1,2,2,4,3,1,1
101,3,3,3,2,1,1,1,3,2,2,1,1,1
101,4,4,4,3,1,1,1,2,1,1,3,2,2
209,5,1,1,3,1,1,1,3,1,2,1,2,4
209,6,2,2,2,1,1,1,1,3,3,2,1,1
209,7,3,3,2,1,1,1,3,3,3,1,2,2
209,8,4,4,3,1,1,1,3,2,3,2,3,4
152,5,1,1,2,1,1,1,3,1,2,1,2,4
152,6,2,2,2,1,1,1,1,3,3,2,1,1
152,7,3,3,3,1,1,1,3,3,3,1,2,2
152,8,4,4,3,1,1,1,3,2,3,2,3,4
146,1,1,1,3,1,1,1,1,1,2,2,3,3
146,2,2,2,3,1,1,1,2,2,4,3,1,1
146,3,3,3,3,1,1,1,3,2,2,1,1,1
146,4,4,4,2,1,1,1,2,1,1,3,2,2
179,5,1,1,1,1,1,1,3,1,2,1,2,4
179,6,2,2,2,1,1,1,1,3,3,2,1,1
179,7,3,3,3,1,1,1,3,3,3,1,2,2
179,8,4,4,2,1,1,1,3,2,3,2,3,4
117,5,1,1,3,1,1,1,3,1,2,1,2,4
117,6,2,2,2,1,1,1,1,3,3,2,1,1
117,7,3,3,3,1,1,1,3,3,3,1,2,2
117,8,4,4,3,1,1,1,3,2,3,2,3,4
169,5,1,1,3,1,1,1,3,1,2,1,2,4
169,6,2,2,2,1,1,1,1,3,3,2,1,1
169,7,3,3,3,1,1,1,3,3,3,1,2,2
169,8,4,4,3,1,1,1,3,2,3,2,3,4
142,5,1,1,1,1,1,1,3,1,2,1,2,4
142,6,2,2,2,1,1,1,1,3,3,2,1,1
142,7,3,3,2,1,1,1,3,3,3,1,2,2
142,8,4,4,2,1,1,1,3,2,3,2,3,4
205,1,1,1,2,1,1,1,1,1,2,2,3,3
205,2,2,2,2,1,1,1,2,2,4,3,1,1
205,3,3,3,3,1,1,1,3,2,2,1,1,1
205,4,4,4,2,1,1,1,2,1,1,3,2,2
136,5,1,1,2,1,1,1,3,1,2,1,2,4
136,6,2,2,2,1,1,1,1,3,3,2,1,1
136,7,3,3,2,1,1,1,3,3,3,1,2,2
136,8,4,4,2,1,1,1,3,2,3,2,3,4
124,1,1,1,3,1,1,1,1,1,2,2,3,3
124,2,2,2,2,1,1,1,2,2,4,3,1,1
124,3,3,3,3,1,1,1,3,2,2,1,1,1
124,4,4,4,2,1,1,1,2,1,1,3,2,2
68,5,1,1,3,1,1,1,3,1,2,1,2,4
68,6,2,2,2,1,1,1,1,3,3,2,1,1
68,7,3,3,2,1,1,1,3,3,3,1,2,2
68,8,4,4,2,1,1,1,3,2,3,2,3,4
187,1,1,1,1,1,1,1,1,1,2,2,3,3
187,2,2,2,1,1,1,1,2,2,4,3,1,1
187,3,3,3,1,1,1,1,3,2,2,1,1,1
187,4,4,4,1,1,1,1,2,1,1,3,2,2
150,5,1,1,3,1,1,1,3,1,2,1,2,4
150,6,2,2,2,1,1,1,1,3,3,2,1,1
150,7,3,3,3,1,1,1,3,3,3,1,2,2
150,8,4,4,3,1,1,1,3,2,3,2,3,4
107,5,1,1,2,1,1,1,3,1,2,1,2,4
107,6,2,2,2,1,1,1,1,3,3,2,1,1
107,7,3,3,2,1,1,1,3,3,3,1,2,2
107,8,4,4,3,1,1,1,3,2,3,2,3,4
121,5,1,1,1,1,1,1,3,1,2,1,2,4
121,6,2,2,2,1,1,1,1,3,3,2,1,1
121,7,3,3,2,1,1,1,3,3,3,1,2,2
121,8,4,4,1,1,1,1,3,2,3,2,3,4
141,5,1,1,2,1,1,1,3,1,2,1,2,4
141,6,2,2,2,1,1,1,1,3,3,2,1,1
141,7,3,3,2,1,1,1,3,3,3,1,2,2
141,8,4,4,2,1,1,1,3,2,3,2,3,4
148,1,1,1,3,1,1,1,1,1,2,2,3,3
148,2,2,2,1,1,1,1,2,2,4,3,1,1
148,3,3,3,2,1,1,1,3,2,2,1,1,1
148,4,4,4,1,1,1,1,2,1,1,3,2,2
164,5,1,1,2,1,1,1,3,1,2,1,2,4
164,6,2,2,2,1,1,1,1,3,3,2,1,1
164,7,3,3,2,1,1,1,3,3,3,1,2,2
164,8,4,4,1,1,1,1,3,2,3,2,3,4
191,1,1,1,1,1,1,1,1,1,2,2,3,3
191,2,2,2,1,1,1,1,2,2,4,3,1,1
191,3,3,3,3,1,1,1,3,2,2,1,1,1
191,4,4,4,1,1,1,1,2,1,1,3,2,2
161,1,1,1,3,1,1,1,1,1,2,2,3,3
161,2,2,2,1,1,1,1,2,2,4,3,1,1
161,3,3,3,3,1,1,1,3,2,2,1,1,1
161,4,4,4,1,1,1,1,2,1,1,3,2,2
208,1,1,1,3,1,1,1,1,1,2,2,3,3
208,2,2,2,2,1,1,1,2,2,4,3,1,1
208,3,3,3,2,1,1,1,3,2,2,1,1,1
208,4,4,4,3,1,1,1,2,1,1,3,2,2
160,5,1,1,3,1,1,1,3,1,2,1,2,4
160,6,2,2,2,1,1,1,1,3,3,2,1,1
160,7,3,3,3,1,1,1,3,3,3,1,2,2
160,8,4,4,3,1,1,1,3,2,3,2,3,4
194,5,1,1,2,1,1,1,3,1,2,1,2,4
194,6,2,2,3,1,1,1,1,3,3,2,1,1
194,7,3,3,2,1,1,1,3,3,3,1,2,2
194,8,4,4,3,1,1,1,3,2,3,2,3,4
175,1,1,1,3,1,1,1,1,1,2,2,3,3
175,2,2,2,3,1,1,1,2,2,4,3,1,1
175,3,3,3,3,1,1,1,3,2,2,1,1,1
175,4,4,4,2,1,1,1,2,1,1,3,2,2
237,1,1,1,3,1,1,1,1,1,2,2,3,3
237,2,2,2,2,1,1,1,2,2,4,3,1,1
237,3,3,3,2,1,1,1,3,2,2,1,1,1
237,4,4,4,3,1,1,1,2,1,1,3,2,2
130,5,1,1,1,1,1,1,3,1,2,1,2,4
130,6,2,2,1,1,1,1,1,3,3,2,1,1
130,7,3,3,3,1,1,1,3,3,3,1,2,2
130,8,4,4,1,1,1,1,3,2,3,2,3,4
211,5,1,1,3,1,1,1,3,1,2,1,2,4
211,6,2,2,2,1,1,1,1,3,3,2,1,1
211,7,3,3,3,1,1,1,3,3,3,1,2,2
211,8,4,4,3,1,1,1,3,2,3,2,3,4
170,1,1,1,3,1,1,1,1,1,2,2,3,3
170,2,2,2,3,1,1,1,2,2,4,3,1,1
170,3,3,3,3,1,1,1,3,2,2,1,1,1
170,4,4,4,3,1,1,1,2,1,1,3,2,2
162,5,1,1,1,1,1,1,3,1,2,1,2,4
162,6,2,2,3,1,1,1,1,3,3,2,1,1
162,7,3,3,3,1,1,1,3,3,3,1,2,2
162,8,4,4,1,1,1,1,3,2,3,2,3,4
192,1,1,1,3,1,1,1,1,1,2,2,3,3
192,2,2,2,2,1,1,1,2,2,4,3,1,1
192,3,3,3,3,1,1,1,3,2,2,1,1,1
192,4,4,4,2,1,1,1,2,1,1,3,2,2
186,1,1,1,1,1,1,1,1,1,2,2,3,3
186,2,2,2,1,1,1,1,2,2,4,3,1,1
186,3,3,3,1,1,1,1,3,2,2,1,1,1
186,4,4,4,1,1,1,1,2,1,1,3,2,2
198,5,1,1,2,1,1,1,3,1,2,1,2,4
198,6,2,2,3,1,1,1,1,3,3,2,1,1
198,7,3,3,3,1,1,1,3,3,3,1,2,2
198,8,4,4,1,1,1,1,3,2,3,2,3,4
176,1,1,1,3,1,1,1,1,1,2,2,3,3
176,2,2,2,3,1,1,1,2,2,4,3,1,1
176,3,3,3,3,1,1,1,3,2,2,1,1,1
176,4,4,4,2,1,1,1,2,1,1,3,2,2
151,1,1,1,2,1,1,1,1,1,2,2,3,3
151,2,2,2,1,1,1,1,2,2,4,3,1,1
151,3,3,3,3,1,1,1,3,2,2,1,1,1
151,4,4,4,2,1,1,1,2,1,1,3,2,2
183,5,1,1,1,1,1,1,3,1,2,1,2,4
183,6,2,2,3,1,1,1,1,3,3,2,1,1
183,7,3,3,3,1,1,1,3,3,3,1,2,2
183,8,4,4,1,1,1,1,3,2,3,2,3,4
210,1,1,1,2,1,1,1,1,1,2,2,3,3
210,2,2,2,1,1,1,1,2,2,4,3,1,1
210,3,3,3,3,1,1,1,3,2,2,1,1,1
210,4,4,4,2,1,1,1,2,1,1,3,2,2
196,5,1,1,3,1,1,1,3,1,2,1,2,4
196,6,2,2,3,1,1,1,1,3,3,2,1,1
196,7,3,3,3,1,1,1,3,3,3,1,2,2
196,8,4,4,3,1,1,1,3,2,3,2,3,4
231,1,1,1,3,1,1,1,1,1,2,2,3,3
231,2,2,2,2,1,1,1,2,2,4,3,1,1
231,3,3,3,2,1,1,1,3,2,2,1,1,1
231,4,4,4,3,1,1,1,2,1,1,3,2,2
212,1,1,1,2,1,1,1,1,1,2,2,3,3
212,2,2,2,3,1,1,1,2,2,4,3,1,1
212,3,3,3,2,1,1,1,3,2,2,1,1,1
212,4,4,4,3,1,1,1,2,1,1,3,2,2
165,5,1,1,2,1,1,1,3,1,2,1,2,4
165,6,2,2,3,1,1,1,1,3,3,2,1,1
165,7,3,3,3,1,1,1,3,3,3,1,2,2
165,8,4,4,2,1,1,1,3,2,3,2,3,4
222,5,1,1,2,1,1,1,3,1,2,1,2,4
222,6,2,2,2,1,1,1,1,3,3,2,1,1
222,7,3,3,2,1,1,1,3,3,3,1,2,2
222,8,4,4,3,1,1,1,3,2,3,2,3,4
156,5,1,1,1,1,1,1,3,1,2,1,2,4
156,6,2,2,3,1,1,1,1,3,3,2,1,1
156,7,3,3,1,1,1,1,3,3,3,1,2,2
156,8,4,4,2,1,1,1,3,2,3,2,3,4
171,5,1,1,2,1,1,1,3,1,2,1,2,4
171,6,2,2,3,1,1,1,1,3,3,2,1,1
171,7,3,3,3,1,1,1,3,3,3,1,2,2
171,8,4,4,1,1,1,1,3,2,3,2,3,4
154,5,1,1,1,1,1,1,3,1,2,1,2,4
154,6,2,2,3,1,1,1,1,3,3,2,1,1
154,7,3,3,1,1,1,1,3,3,3,1,2,2
154,8,4,4,1,1,1,1,3,2,3,2,3,4
220,5,1,1,3,1,1,1,3,1,2,1,2,4
220,6,2,2,2,1,1,1,1,3,3,2,1,1
220,7,3,3,3,1,1,1,3,3,3,1,2,2
220,8,4,4,3,1,1,1,3,2,3,2,3,4
182,1,1,1,3,1,1,1,1,1,2,2,3,3
182,2,2,2,1,1,1,1,2,2,4,3,1,1
182,3,3,3,3,1,1,1,3,2,2,1,1,1
182,4,4,4,2,1,1,1,2,1,1,3,2,2
144,5,1,1,3,1,1,1,3,1,2,1,2,4
144,6,2,2,3,1,1,1,1,3,3,2,1,1
144,7,3,3,3,1,1,1,3,3,3,1,2,2
144,8,4,4,2,1,1,1,3,2,3,2,3,4
188,1,1,1,1,1,1,1,1,1,2,2,3,3
188,2,2,2,1,1,1,1,2,2,4,3,1,1
188,3,3,3,1,1,1,1,3,2,2,1,1,1
188,4,4,4,1,1,1,1,2,1,1,3,2,2
105,5,1,1,2,1,1,1,3,1,2,1,2,4
105,6,2,2,2,1,1,1,1,3,3,2,1,1
105,7,3,3,3,1,1,1,3,3,3,1,2,2
105,8,4,4,2,1,1,1,3,2,3,2,3,4
206,1,1,1,2,1,1,1,1,1,2,2,3,3
206,2,2,2,1,1,1,1,2,2,4,3,1,1
206,3,3,3,3,1,1,1,3,2,2,1,1,1
206,4,4,4,2,1,1,1,2,1,1,3,2,2
193,1,1,1,3,1,1,1,1,1,2,2,3,3
193,2,2,2,2,1,1,1,2,2,4,3,1,1
193,3,3,3,3,1,1,1,3,2,2,1,1,1
193,4,4,4,2,1,1,1,2,1,1,3,2,2
132,1,1,1,3,1,1,1,1,1,2,2,3,3
132,2,2,2,1,1,1,1,2,2,4,3,1,1
132,3,3,3,3,1,1,1,3,2,2,1,1,1
132,4,4,4,2,1,1,1,2,1,1,3,2,2
224,1,1,1,2,1,1,1,1,1,2,2,3,3
224,2,2,2,3,1,1,1,2,2,4,3,1,1
224,3,3,3,3,1,1,1,3,2,2,1,1,1
224,4,4,4,2,1,1,1,2,1,1,3,2,2
134,5,1,1,3,1,1,1,3,1,2,1,2,4
134,6,2,2,2,1,1,1,1,3,3,2,1,1
134,7,3,3,3,1,1,1,3,3,3,1,2,2
134,8,4,4,3,1,1,1,3,2,3,2,3,4
190,1,1,1,3,1,1,1,1,1,2,2,3,3
190,2,2,2,3,1,1,1,2,2,4,3,1,1
190,3,3,3,3,1,1,1,3,2,2,1,1,1
190,4,4,4,2,1,1,1,2,1,1,3,2,2
213,5,1,1,1,1,1,1,3,1,2,1,2,4
213,6,2,2,1,1,1,1,1,3,3,2,1,1
213,7,3,3,2,1,1,1,3,3,3,1,2,2
213,8,4,4,2,1,1,1,3,2,3,2,3,4
218,1,1,1,3,1,1,1,1,1,2,2,3,3
218,2,2,2,2,1,1,1,2,2,4,3,1,1
218,3,3,3,2,1,1,1,3,2,2,1,1,1
218,4,4,4,3,1,1,1,2,1,1,3,2,2
96,5,1,1,1,1,1,1,3,1,2,1,2,4
96,6,2,2,1,1,1,1,1,3,3,2,1,1
96,7,3,3,3,1,1,1,3,3,3,1,2,2
96,8,4,4,1,1,1,1,3,2,3,2,3,4
214,1,1,1,2,1,1,1,1,1,2,2,3,3
214,2,2,2,3,1,1,1,2,2,4,3,1,1
214,3,3,3,2,1,1,1,3,2,2,1,1,1
214,4,4,4,2,1,1,1,2,1,1,3,2,2
228,1,1,1,3,1,1,1,1,1,2,2,3,3
228,2,2,2,1,1,1,1,2,2,4,3,1,1
228,3,3,3,3,1,1,1,3,2,2,1,1,1
228,4,4,4,2,1,1,1,2,1,1,3,2,2
140,1,1,1,1,1,1,1,1,1,2,2,3,3
140,2,2,2,1,1,1,1,2,2,4,3,1,1
140,3,3,3,1,1,1,1,3,2,2,1,1,1
140,4,4,4,1,1,1,1,2,1,1,3,2,2
185,5,1,1,3,1,1,1,3,1,2,1,2,4
185,6,2,2,2,1,1,1,1,3,3,2,1,1
185,7,3,3,2,1,1,1,3,3,3,1,2,2
185,8,4,4,3,1,1,1,3,2,3,2,3,4
227,5,1,1,1,1,1,1,3,1,2,1,2,4
227,6,2,2,3,1,1,1,1,3,3,2,1,1
227,7,3,3,3,1,1,1,3,3,3,1,2,2
227,8,4,4,1,1,1,1,3,2,3,2,3,4
232,5,1,1,1,1,1,1,3,1,2,1,2,4
232,6,2,2,1,1,1,1,1,3,3,2,1,1
232,7,3,3,1,1,1,1,3,3,3,1,2,2
232,8,4,4,1,1,1,1,3,2,3,2,3,4
199,5,1,1,2,1,1,1,3,1,2,1,2,4
199,6,2,2,2,1,1,1,1,3,3,2,1,1
199,7,3,3,2,1,1,1,3,3,3,1,2,2
199,8,4,4,3,1,1,1,3,2,3,2,3,4
137,5,1,1,2,1,1,1,3,1,2,1,2,4
137,6,2,2,2,1,1,1,1,3,3,2,1,1
137,7,3,3,3,1,1,1,3,3,3,1,2,2
137,8,4,4,2,1,1,1,3,2,3,2,3,4
145,5,1,1,1,1,1,1,3,1,2,1,2,4
145,6,2,2,3,1,1,1,1,3,3,2,1,1
145,7,3,3,3,1,1,1,3,3,3,1,2,2
145,8,4,4,1,1,1,1,3,2,3,2,3,4
219,1,1,1,1,1,1,1,1,1,2,2,3,3
219,2,2,2,1,1,1,1,2,2,4,3,1,1
219,3,3,3,3,1,1,1,3,2,2,1,1,1
219,4,4,4,1,1,1,1,2,1,1,3,2,2
217,5,1,1,1,1,1,1,3,1,2,1,2,4
217,6,2,2,3,1,1,1,1,3,3,2,1,1
217,7,3,3,1,1,1,1,3,3,3,1,2,2
217,8,4,4,1,1,1,1,3,2,3,2,3,4
230,1,1,1,3,1,1,1,1,1,2,2,3,3
230,2,2,2,2,1,1,1,2,2,4,3,1,1
230,3,3,3,2,1,1,1,3,2,2,1,1,1
230,4,4,4,3,1,1,1,2,1,1,3,2,2
238,5,1,1,1,1,1,1,3,1,2,1,2,4
238,6,2,2,1,1,1,1,1,3,3,2,1,1
238,7,3,3,1,1,1,1,3,3,3,1,2,2
238,8,4,4,1,1,1,1,3,2,3,2,3,4
126,5,1,1,2,1,1,1,3,1,2,1,2,4
126,6,2,2,2,1,1,1,1,3,3,2,1,1
126,7,3,3,2,1,1,1,3,3,3,1,2,2
126,8,4,4,3,1,1,1,3,2,3,2,3,4
246,1,1,1,2,1,1,1,1,1,2,2,3,3
246,2,2,2,3,1,1,1,2,2,4,3,1,1
246,3,3,3,2,1,1,1,3,2,2,1,1,1
246,4,4,4,3,1,1,1,2,1,1,3,2,2
203,5,1,1,1,1,1,1,3,1,2,1,2,4
203,6,2,2,3,1,1,1,1,3,3,2,1,1
203,7,3,3,3,1,1,1,3,3,3,1,2,2
203,8,4,4,3,1,1,1,3,2,3,2,3,4
234,5,1,1,2,1,1,1,3,1,2,1,2,4
234,6,2,2,2,1,1,1,1,3,3,2,1,1
234,7,3,3,3,1,1,1,3,3,3,1,2,2
234,8,4,4,2,1,1,1,3,2,3,2,3,4
189,5,1,1,2,1,1,1,3,1,2,1,2,4
189,6,2,2,2,1,1,1,1,3,3,2,1,1
189,7,3,3,3,1,1,1,3,3,3,1,2,2
189,8,4,4,2,1,1,1,3,2,3,2,3,4
181,5,1,1,3,1,1,1,3,1,2,1,2,4
181,6,2,2,3,1,1,1,1,3,3,2,1,1
181,7,3,3,3,1,1,1,3,3,3,1,2,2
181,8,4,4,1,1,1,1,3,2,3,2,3,4
262,5,1,1,3,1,1,1,3,1,2,1,2,4
262,6,2,2,2,1,1,1,1,3,3,2,1,1
262,7,3,3,2,1,1,1,3,3,3,1,2,2
262,8,4,4,3,1,1,1,3,2,3,2,3,4
173,1,1,1,2,1,1,1,1,1,2,2,3,3
173,2,2,2,1,1,1,1,2,2,4,3,1,1
173,3,3,3,1,1,1,1,3,2,2,1,1,1
173,4,4,4,2,1,1,1,2,1,1,3,2,2
207,1,1,1,3,1,1,1,1,1,2,2,3,3
207,2,2,2,3,1,1,1,2,2,4,3,1,1
207,3,3,3,2,1,1,1,3,2,2,1,1,1
207,4,4,4,3,1,1,1,2,1,1,3,2,2
166,5,1,1,3,1,1,1,3,1,2,1,2,4
166,6,2,2,2,1,1,1,1,3,3,2,1,1
166,7,3,3,2,1,1,1,3,3,3,1,2,2
166,8,4,4,3,1,1,1,3,2,3,2,3,4
290,5,1,1,1,1,1,1,3,1,2,1,2,4
290,6,2,2,2,1,1,1,1,3,3,2,1,1
290,7,3,3,1,1,1,1,3,3,3,1,2,2
290,8,4,4,1,1,1,1,3,2,3,2,3,4
184,1,1,1,3,1,1,1,1,1,2,2,3,3
184,2,2,2,2,1,1,1,2,2,4,3,1,1
184,3,3,3,2,1,1,1,3,2,2,1,1,1
184,4,4,4,3,1,1,1,2,1,1,3,2,2
153,5,1,1,3,1,1,1,3,1,2,1,2,4
153,6,2,2,2,1,1,1,1,3,3,2,1,1
153,7,3,3,3,1,1,1,3,3,3,1,2,2
153,8,4,4,3,1,1,1,3,2,3,2,3,4
226,1,1,1,1,1,1,1,1,1,2,2,3,3
226,2,2,2,1,1,1,1,2,2,4,3,1,1
226,3,3,3,1,1,1,1,3,2,2,1,1,1
226,4,4,4,1,1,1,1,2,1,1,3,2,2
254,5,1,1,1,1,1,1,3,1,2,1,2,4
254,6,2,2,3,1,1,1,1,3,3,2,1,1
254,7,3,3,3,1,1,1,3,3,3,1,2,2
254,8,4,4,1,1,1,1,3,2,3,2,3,4
271,1,1,1,3,1,1,1,1,1,2,2,3,3
271,2,2,2,2,1,1,1,2,2,4,3,1,1
271,3,3,3,3,1,1,1,3,2,2,1,1,1
271,4,4,4,2,1,1,1,2,1,1,3,2,2
242,1,1,1,3,1,1,1,1,1,2,2,3,3
242,2,2,2,3,1,1,1,2,2,4,3,1,1
242,3,3,3,3,1,1,1,3,2,2,1,1,1
242,4,4,4,3,1,1,1,2,1,1,3,2,2
263,5,1,1,1,1,1,1,3,1,2,1,2,4
263,6,2,2,2,1,1,1,1,3,3,2,1,1
263,7,3,3,3,1,1,1,3,3,3,1,2,2
263,8,4,4,1,1,1,1,3,2,3,2,3,4
236,1,1,1,3,1,1,1,1,1,2,2,3,3
236,2,2,2,1,1,1,1,2,2,4,3,1,1
236,3,3,3,3,1,1,1,3,2,2,1,1,1
236,4,4,4,2,1,1,1,2,1,1,3,2,2
225,1,1,1,3,1,1,1,1,1,2,2,3,3
225,2,2,2,2,1,1,1,2,2,4,3,1,1
225,3,3,3,3,1,1,1,3,2,2,1,1,1
225,4,4,4,2,1,1,1,2,1,1,3,2,2
283,5,1,1,2,1,1,1,3,1,2,1,2,4
283,6,2,2,3,1,1,1,1,3,3,2,1,1
283,7,3,3,1,1,1,1,3,3,3,1,2,2
283,8,4,4,1,1,1,1,3,2,3,2,3,4
249,1,1,1,3,1,1,1,1,1,2,2,3,3
249,2,2,2,1,1,1,1,2,2,4,3,1,1
249,3,3,3,3,1,1,1,3,2,2,1,1,1
249,4,4,4,1,1,1,1,2,1,1,3,2,2
240,5,1,1,2,1,1,1,3,1,2,1,2,4
240,6,2,2,3,1,1,1,1,3,3,2,1,1
240,7,3,3,1,1,1,1,3,3,3,1,2,2
240,8,4,4,2,1,1,1,3,2,3,2,3,4
177,1,1,1,1,1,1,1,1,1,2,2,3,3
177,2,2,2,3,1,1,1,2,2,4,3,1,1
177,3,3,3,1,1,1,1,3,2,2,1,1,1
177,4,4,4,1,1,1,1,2,1,1,3,2,2
264,1,1,1,3,1,1,1,1,1,2,2,3,3
264,2,2,2,1,1,1,1,2,2,4,3,1,1
264,3,3,3,3,1,1,1,3,2,2,1,1,1
264,4,4,4,2,1,1,1,2,1,1,3,2,2
233,5,1,1,3,1,1,1,3,1,2,1,2,4
233,6,2,2,2,1,1,1,1,3,3,2,1,1
233,7,3,3,3,1,1,1,3,3,3,1,2,2
233,8,4,4,3,1,1,1,3,2,3,2,3,4
275,1,1,1,2,1,1,1,1,1,2,2,3,3
275,2,2,2,1,1,1,1,2,2,4,3,1,1
275,3,3,3,3,1,1,1,3,2,2,1,1,1
275,4,4,4,3,1,1,1,2,1,1,3,2,2
243,5,1,1,2,1,1,1,3,1,2,1,2,4
243,6,2,2,2,1,1,1,1,3,3,2,1,1
243,7,3,3,3,1,1,1,3,3,3,1,2,2
243,8,4,4,2,1,1,1,3,2,3,2,3,4
278,1,1,1,1,1,1,1,1,1,2,2,3,3
278,2,2,2,1,1,1,1,2,2,4,3,1,1
278,3,3,3,3,1,1,1,3,2,2,1,1,1
278,4,4,4,1,1,1,1,2,1,1,3,2,2
298,5,1,1,3,1,1,1,3,1,2,1,2,4
298,6,2,2,2,1,1,1,1,3,3,2,1,1
298,7,3,3,3,1,1,1,3,3,3,1,2,2
298,8,4,4,3,1,1,1,3,2,3,2,3,4
195,5,1,1,1,1,1,1,3,1,2,1,2,4
195,6,2,2,1,1,1,1,1,3,3,2,1,1
195,7,3,3,1,1,1,1,3,3,3,1,2,2
195,8,4,4,1,1,1,1,3,2,3,2,3,4
245,5,1,1,1,1,1,1,3,1,2,1,2,4
245,6,2,2,3,1,1,1,1,3,3,2,1,1
245,7,3,3,3,1,1,1,3,3,3,1,2,2
245,8,4,4,3,1,1,1,3,2,3,2,3,4
244,1,1,1,2,1,1,1,1,1,2,2,3,3
244,2,2,2,3,1,1,1,2,2,4,3,1,1
244,3,3,3,3,1,1,1,3,2,2,1,1,1
244,4,4,4,2,1,1,1,2,1,1,3,2,2
256,1,1,1,2,1,1,1,1,1,2,2,3,3
256,2,2,2,3,1,1,1,2,2,4,3,1,1
256,3,3,3,2,1,1,1,3,2,2,1,1,1
256,4,4,4,3,1,1,1,2,1,1,3,2,2
135,1,1,1,3,1,1,1,1,1,2,2,3,3
135,2,2,2,3,1,1,1,2,2,4,3,1,1
135,3,3,3,2,1,1,1,3,2,2,1,1,1
135,4,4,4,3,1,1,1,2,1,1,3,2,2
312,5,1,1,2,1,1,1,3,1,2,1,2,4
312,6,2,2,2,1,1,1,1,3,3,2,1,1
312,7,3,3,2,1,1,1,3,3,3,1,2,2
312,8,4,4,2,1,1,1,3,2,3,2,3,4
308,1,1,1,1,1,1,1,1,1,2,2,3,3
308,2,2,2,1,1,1,1,2,2,4,3,1,1
308,3,3,3,1,1,1,1,3,2,2,1,1,1
308,4,4,4,2,1,1,1,2,1,1,3,2,2
115,5,1,1,2,1,1,1,3,1,2,1,2,4
115,6,2,2,2,1,1,1,1,3,3,2,1,1
115,7,3,3,3,1,1,1,3,3,3,1,2,2
115,8,4,4,2,1,1,1,3,2,3,2,3,4
88,1,1,1,2,1,1,1,1,1,2,2,3,3
88,2,2,2,2,1,1,1,2,2,4,3,1,1
88,3,3,3,3,1,1,1,3,2,2,1,1,1
88,4,4,4,2,1,1,1,2,1,1,3,2,2
313,1,1,1,3,1,1,1,1,1,2,2,3,3
313,2,2,2,2,1,1,1,2,2,4,3,1,1
313,3,3,3,3,1,1,1,3,2,2,1,1,1
313,4,4,4,2,1,1,1,2,1,1,3,2,2
281,1,1,1,2,1,1,1,1,1,2,2,3,3
281,2,2,2,1,1,1,1,2,2,4,3,1,1
281,3,3,3,3,1,1,1,3,2,2,1,1,1
281,4,4,4,3,1,1,1,2,1,1,3,2,2
292,5,1,1,3,1,1,1,3,1,2,1,2,4
292,6,2,2,2,1,1,1,1,3,3,2,1,1
292,7,3,3,3,1,1,1,3,3,3,1,2,2
292,8,4,4,3,1,1,1,3,2,3,2,3,4
247,1,1,1,3,1,1,1,1,1,2,2,3,3
247,2,2,2,2,1,1,1,2,2,4,3,1,1
247,3,3,3,2,1,1,1,3,2,2,1,1,1
247,4,4,4,3,1,1,1,2,1,1,3,2,2
309,1,1,1,3,1,1,1,1,1,2,2,3,3
309,2,2,2,3,1,1,1,2,2,4,3,1,1
309,3,3,3,2,1,1,1,3,2,2,1,1,1
309,4,4,4,3,1,1,1,2,1,1,3,2,2
255,5,1,1,3,1,1,1,3,1,2,1,2,4
255,6,2,2,2,1,1,1,1,3,3,2,1,1
255,7,3,3,2,1,1,1,3,3,3,1,2,2
255,8,4,4,3,1,1,1,3,2,3,2,3,4
267,1,1,1,3,1,1,1,1,1,2,2,3,3
267,2,2,2,2,1,1,1,2,2,4,3,1,1
267,3,3,3,3,1,1,1,3,2,2,1,1,1
267,4,4,4,2,1,1,1,2,1,1,3,2,2
318,5,1,1,3,1,1,1,3,1,2,1,2,4
318,6,2,2,2,1,1,1,1,3,3,2,1,1
318,7,3,3,3,1,1,1,3,3,3,1,2,2
318,8,4,4,3,1,1,1,3,2,3,2,3,4
293,5,1,1,3,1,1,1,3,1,2,1,2,4
293,6,2,2,2,1,1,1,1,3,3,2,1,1
293,7,3,3,3,1,1,1,3,3,3,1,2,2
293,8,4,4,3,1,1,1,3,2,3,2,3,4
261,5,1,1,3,1,1,1,3,1,2,1,2,4
261,6,2,2,2,1,1,1,1,3,3,2,1,1
261,7,3,3,3,1,1,1,3,3,3,1,2,2
261,8,4,4,3,1,1,1,3,2,3,2,3,4
266,1,1,1,1,1,1,1,1,1,2,2,3,3
266,2,2,2,1,1,1,1,2,2,4,3,1,1
266,3,3,3,1,1,1,1,3,2,2,1,1,1
266,4,4,4,2,1,1,1,2,1,1,3,2,2
157,5,1,1,3,1,1,1,3,1,2,1,2,4
157,6,2,2,2,1,1,1,1,3,3,2,1,1
157,7,3,3,3,1,1,1,3,3,3,1,2,2
157,8,4,4,3,1,1,1,3,2,3,2,3,4
303,5,1,1,3,1,1,1,3,1,2,1,2,4
303,6,2,2,2,1,1,1,1,3,3,2,1,1
303,7,3,3,3,1,1,1,3,3,3,1,2,2
303,8,4,4,3,1,1,1,3,2,3,2,3,4
215,5,1,1,1,1,1,1,3,1,2,1,2,4
215,6,2,2,1,1,1,1,1,3,3,2,1,1
215,7,3,3,3,1,1,1,3,3,3,1,2,2
215,8,4,4,1,1,1,1,3,2,3,2,3,4
296,1,1,1,3,1,1,1,1,1,2,2,3,3
296,2,2,2,2,1,1,1,2,2,4,3,1,1
296,3,3,3,3,1,1,1,3,2,2,1,1,1
296,4,4,4,2,1,1,1,2,1,1,3,2,2
272,1,1,1,2,1,1,1,1,1,2,2,3,3
272,2,2,2,1,1,1,1,2,2,4,3,1,1
272,3,3,3,3,1,1,1,3,2,2,1,1,1
272,4,4,4,2,1,1,1,2,1,1,3,2,2
320,1,1,1,1,1,1,1,1,1,2,2,3,3
320,2,2,2,1,1,1,1,2,2,4,3,1,1
320,3,3,3,1,1,1,1,3,2,2,1,1,1
320,4,4,4,1,1,1,1,2,1,1,3,2,2
291,5,1,1,2,1,1,1,3,1,2,1,2,4
291,6,2,2,3,1,1,1,1,3,3,2,1,1
291,7,3,3,1,1,1,1,3,3,3,1,2,2
291,8,4,4,2,1,1,1,3,2,3,2,3,4
269,5,1,1,3,1,1,1,3,1,2,1,2,4
269,6,2,2,2,1,1,1,1,3,3,2,1,1
269,7,3,3,3,1,1,1,3,3,3,1,2,2
269,8,4,4,3,1,1,1,3,2,3,2,3,4
241,1,1,1,3,1,1,1,1,1,2,2,3,3
241,2,2,2,3,1,1,1,2,2,4,3,1,1
241,3,3,3,2,1,1,1,3,2,2,1,1,1
241,4,4,4,3,1,1,1,2,1,1,3,2,2
248,1,1,1,3,1,1,1,1,1,2,2,3,3
248,2,2,2,2,1,1,1,2,2,4,3,1,1
248,3,3,3,2,1,1,1,3,2,2,1,1,1
248,4,4,4,3,1,1,1,2,1,1,3,2,2
253,5,1,1,3,1,1,1,3,1,2,1,2,4
253,6,2,2,2,1,1,1,1,3,3,2,1,1
253,7,3,3,2,1,1,1,3,3,3,1,2,2
253,8,4,4,3,1,1,1,3,2,3,2,3,4
297,5,1,1,1,1,1,1,3,1,2,1,2,4
297,6,2,2,2,1,1,1,1,3,3,2,1,1
297,7,3,3,3,1,1,1,3,3,3,1,2,2
297,8,4,4,1,1,1,1,3,2,3,2,3,4
270,1,1,1,3,1,1,1,1,1,2,2,3,3
270,2,2,2,2,1,1,1,2,2,4,3,1,1
270,3,3,3,3,1,1,1,3,2,2,1,1,1
270,4,4,4,3,1,1,1,2,1,1,3,2,2
273,1,1,1,3,1,1,1,1,1,2,2,3,3
273,2,2,2,3,1,1,1,2,2,4,3,1,1
273,3,3,3,2,1,1,1,3,2,2,1,1,1
273,4,4,4,2,1,1,1,2,1,1,3,2,2
295,1,1,1,3,1,1,1,1,1,2,2,3,3
295,2,2,2,2,1,1,1,2,2,4,3,1,1
295,3,3,3,3,1,1,1,3,2,2,1,1,1
295,4,4,4,2,1,1,1,2,1,1,3,2,2
229,1,1,1,3,1,1,1,1,1,2,2,3,3
229,2,2,2,1,1,1,1,2,2,4,3,1,1
229,3,3,3,3,1,1,1,3,2,2,1,1,1
229,4,4,4,1,1,1,1,2,1,1,3,2,2
310,1,1,1,3,1,1,1,1,1,2,2,3,3
310,2,2,2,2,1,1,1,2,2,4,3,1,1
310,3,3,3,2,1,1,1,3,2,2,1,1,1
310,4,4,4,3,1,1,1,2,1,1,3,2,2
274,5,1,1,2,1,1,1,3,1,2,1,2,4
274,6,2,2,3,1,1,1,1,3,3,2,1,1
274,7,3,3,3,1,1,1,3,3,3,1,2,2
274,8,4,4,2,1,1,1,3,2,3,2,3,4
282,1,1,1,3,1,1,1,1,1,2,2,3,3
282,2,2,2,1,1,1,1,2,2,4,3,1,1
282,3,3,3,3,1,1,1,3,2,2,1,1,1
282,4,4,4,2,1,1,1,2,1,1,3,2,2
250,5,1,1,2,1,1,1,3,1,2,1,2,4
250,6,2,2,3,1,1,1,1,3,3,2,1,1
250,7,3,3,3,1,1,1,3,3,3,1,2,2
250,8,4,4,2,1,1,1,3,2,3,2,3,4
202,1,1,1,2,1,1,1,1,1,2,2,3,3
202,2,2,2,3,1,1,1,2,2,4,3,1,1
202,3,3,3,2,1,1,1,3,2,2,1,1,1
202,4,4,4,3,1,1,1,2,1,1,3,2,2
331,5,1,1,2,1,1,1,3,1,2,1,2,4
331,6,2,2,3,1,1,1,1,3,3,2,1,1
331,7,3,3,3,1,1,1,3,3,3,1,2,2
331,8,4,4,2,1,1,1,3,2,3,2,3,4
330,1,1,1,1,1,1,1,1,1,2,2,3,3
330,2,2,2,1,1,1,1,2,2,4,3,1,1
330,3,3,3,1,1,1,1,3,2,2,1,1,1
330,4,4,4,1,1,1,1,2,1,1,3,2,2
252,1,1,1,3,1,1,1,1,1,2,2,3,3
252,2,2,2,3,1,1,1,2,2,4,3,1,1
252,3,3,3,3,1,1,1,3,2,2,1,1,1
252,4,4,4,3,1,1,1,2,1,1,3,2,2
325,1,1,1,3,1,1,1,1,1,2,2,3,3
325,2,2,2,2,1,1,1,2,2,4,3,1,1
325,3,3,3,2,1,1,1,3,2,2,1,1,1
325,4,4,4,3,1,1,1,2,1,1,3,2,2
327,5,1,1,1,1,1,1,3,1,2,1,2,4
327,6,2,2,2,1,1,1,1,3,3,2,1,1
327,7,3,3,3,1,1,1,3,3,3,1,2,2
327,8,4,4,1,1,1,1,3,2,3,2,3,4
301,5,1,1,3,1,1,1,3,1,2,1,2,4
301,6,2,2,2,1,1,1,1,3,3,2,1,1
301,7,3,3,2,1,1,1,3,3,3,1,2,2
301,8,4,4,3,1,1,1,3,2,3,2,3,4
221,1,1,1,2,1,1,1,1,1,2,2,3,3
221,2,2,2,3,1,1,1,2,2,4,3,1,1
221,3,3,3,2,1,1,1,3,2,2,1,1,1
221,4,4,4,3,1,1,1,2,1,1,3,2,2
223,5,1,1,3,1,1,1,3,1,2,1,2,4
223,6,2,2,2,1,1,1,1,3,3,2,1,1
223,7,3,3,3,1,1,1,3,3,3,1,2,2
223,8,4,4,3,1,1,1,3,2,3,2,3,4
258,5,1,1,3,1,1,1,3,1,2,1,2,4
258,6,2,2,2,1,1,1,1,3,3,2,1,1
258,7,3,3,2,1,1,1,3,3,3,1,2,2
258,8,4,4,3,1,1,1,3,2,3,2,3,4
280,1,1,1,3,1,1,1,1,1,2,2,3,3
280,2,2,2,3,1,1,1,2,2,4,3,1,1
280,3,3,3,3,1,1,1,3,2,2,1,1,1
280,4,4,4,2,1,1,1,2,1,1,3,2,2
180,5,1,1,3,1,1,1,3,1,2,1,2,4
180,6,2,2,2,1,1,1,1,3,3,2,1,1
180,7,3,3,2,1,1,1,3,3,3,1,2,2
180,8,4,4,2,1,1,1,3,2,3,2,3,4
323,1,1,1,3,1,1,1,1,1,2,2,3,3
323,2,2,2,1,1,1,1,2,2,4,3,1,1
323,3,3,3,3,1,1,1,3,2,2,1,1,1
323,4,4,4,2,1,1,1,2,1,1,3,2,2
289,5,1,1,2,1,1,1,3,1,2,1,2,4
289,6,2,2,3,1,1,1,1,3,3,2,1,1
289,7,3,3,3,1,1,1,3,3,3,1,2,2
289,8,4,4,2,1,1,1,3,2,3,2,3,4
268,5,1,1,2,1,1,1,3,1,2,1,2,4
268,6,2,2,2,1,1,1,1,3,3,2,1,1
268,7,3,3,3,1,1,1,3,3,3,1,2,2
268,8,4,4,2,1,1,1,3,2,3,2,3,4
317,1,1,1,3,1,1,1,1,1,2,2,3,3
317,2,2,2,2,1,1,1,2,2,4,3,1,1
317,3,3,3,2,1,1,1,3,2,2,1,1,1
317,4,4,4,3,1,1,1,2,1,1,3,2,2
305,5,1,1,3,1,1,1,3,1,2,1,2,4
305,6,2,2,2,1,1,1,1,3,3,2,1,1
305,7,3,3,3,1,1,1,3,3,3,1,2,2
305,8,4,4,3,1,1,1,3,2,3,2,3,4
343,1,1,1,3,1,1,1,1,1,2,2,3,3
343,2,2,2,1,1,1,1,2,2,4,3,1,1
343,3,3,3,2,1,1,1,3,2,2,1,1,1
343,4,4,4,3,1,1,1,2,1,1,3,2,2
340,5,1,1,2,1,1,1,3,1,2,1,2,4
340,6,2,2,2,1,1,1,1,3,3,2,1,1
340,7,3,3,3,1,1,1,3,3,3,1,2,2
340,8,4,4,2,1,1,1,3,2,3,2,3,4
307,5,1,1,2,1,1,1,3,1,2,1,2,4
307,6,2,2,2,1,1,1,1,3,3,2,1,1
307,7,3,3,3,1,1,1,3,3,3,1,2,2
307,8,4,4,3,1,1,1,3,2,3,2,3,4
319,1,1,1,3,1,1,1,1,1,2,2,3,3
319,2,2,2,1,1,1,1,2,2,4,3,1,1
319,3,3,3,3,1,1,1,3,2,2,1,1,1
319,4,4,4,2,1,1,1,2,1,1,3,2,2
260,5,1,1,1,1,1,1,3,1,2,1,2,4
260,6,2,2,2,1,1,1,1,3,3,2,1,1
260,7,3,3,3,1,1,1,3,3,3,1,2,2
260,8,4,4,1,1,1,1,3,2,3,2,3,4
337,5,1,1,1,1,1,1,3,1,2,1,2,4
337,6,2,2,2,1,1,1,1,3,3,2,1,1
337,7,3,3,3,1,1,1,3,3,3,1,2,2
337,8,4,4,1,1,1,1,3,2,3,2,3,4
321,1,1,1,1,1,1,1,1,1,2,2,3,3
321,2,2,2,1,1,1,1,2,2,4,3,1,1
321,3,3,3,3,1,1,1,3,2,2,1,1,1
321,4,4,4,2,1,1,1,2,1,1,3,2,2
334,1,1,1,2,1,1,1,1,1,2,2,3,3
334,2,2,2,1,1,1,1,2,2,4,3,1,1
334,3,3,3,3,1,1,1,3,2,2,1,1,1
334,4,4,4,2,1,1,1,2,1,1,3,2,2
349,1,1,1,2,1,1,1,1,1,2,2,3,3
349,2,2,2,2,1,1,1,2,2,4,3,1,1
349,3,3,3,3,1,1,1,3,2,2,1,1,1
349,4,4,4,2,1,1,1,2,1,1,3,2,2
277,1,1,1,2,1,1,1,1,1,2,2,3,3
277,2,2,2,1,1,1,1,2,2,4,3,1,1
277,3,3,3,2,1,1,1,3,2,2,1,1,1
277,4,4,4,3,1,1,1,2,1,1,3,2,2
314,5,1,1,3,1,1,1,3,1,2,1,2,4
314,6,2,2,2,1,1,1,1,3,3,2,1,1
314,7,3,3,2,1,1,1,3,3,3,1,2,2
314,8,4,4,3,1,1,1,3,2,3,2,3,4
259,5,1,1,2,1,1,1,3,1,2,1,2,4
259,6,2,2,3,1,1,1,1,3,3,2,1,1
259,7,3,3,3,1,1,1,3,3,3,1,2,2
259,8,4,4,2,1,1,1,3,2,3,2,3,4
315,1,1,1,2,1,1,1,1,1,2,2,3,3
315,2,2,2,2,1,1,1,2,2,4,3,1,1
315,3,3,3,3,1,1,1,3,2,2,1,1,1
315,4,4,4,2,1,1,1,2,1,1,3,2,2
302,5,1,1,1,1,1,1,3,1,2,1,2,4
302,6,2,2,2,1,1,1,1,3,3,2,1,1
302,7,3,3,3,1,1,1,3,3,3,1,2,2
302,8,4,4,3,1,1,1,3,2,3,2,3,4
355,1,1,1,2,1,1,1,1,1,2,2,3,3
355,2,2,2,3,1,1,1,2,2,4,3,1,1
355,3,3,3,2,1,1,1,3,2,2,1,1,1
355,4,4,4,1,1,1,1,2,1,1,3,2,2
235,5,1,1,3,1,1,1,3,1,2,1,2,4
235,6,2,2,2,1,1,1,1,3,3,2,1,1
235,7,3,3,2,1,1,1,3,3,3,1,2,2
235,8,4,4,3,1,1,1,3,2,3,2,3,4
322,5,1,1,3,1,1,1,3,1,2,1,2,4
322,6,2,2,2,1,1,1,1,3,3,2,1,1
322,7,3,3,2,1,1,1,3,3,3,1,2,2
322,8,4,4,3,1,1,1,3,2,3,2,3,4
329,1,1,1,2,1,1,1,1,1,2,2,3,3
329,2,2,2,3,1,1,1,2,2,4,3,1,1
329,3,3,3,3,1,1,1,3,2,2,1,1,1
329,4,4,4,2,1,1,1,2,1,1,3,2,2
350,1,1,1,3,1,1,1,1,1,2,2,3,3
350,2,2,2,2,1,1,1,2,2,4,3,1,1
350,3,3,3,2,1,1,1,3,2,2,1,1,1
350,4,4,4,3,1,1,1,2,1,1,3,2,2
284,5,1,1,1,1,1,1,3,1,2,1,2,4
284,6,2,2,2,1,1,1,1,3,3,2,1,1
284,7,3,3,3,1,1,1,3,3,3,1,2,2
284,8,4,4,3,1,1,1,3,2,3,2,3,4
358,5,1,1,3,1,1,1,3,1,2,1,2,4
358,6,2,2,2,1,1,1,1,3,3,2,1,1
358,7,3,3,2,1,1,1,3,3,3,1,2,2
358,8,4,4,2,1,1,1,3,2,3,2,3,4
353,5,1,1,3,1,1,1,3,1,2,1,2,4
353,6,2,2,2,1,1,1,1,3,3,2,1,1
353,7,3,3,3,1,1,1,3,3,3,1,2,2
353,8,4,4,3,1,1,1,3,2,3,2,3,4
316,1,1,1,1,1,1,1,1,1,2,2,3,3
316,2,2,2,1,1,1,1,2,2,4,3,1,1
316,3,3,3,3,1,1,1,3,2,2,1,1,1
316,4,4,4,1,1,1,1,2,1,1,3,2,2
367,1,1,1,2,1,1,1,1,1,2,2,3,3
367,2,2,2,1,1,1,1,2,2,4,3,1,1
367,3,3,3,1,1,1,1,3,2,2,1,1,1
367,4,4,4,2,1,1,1,2,1,1,3,2,2
324,1,1,1,3,1,1,1,1,1,2,2,3,3
324,2,2,2,3,1,1,1,2,2,4,3,1,1
324,3,3,3,2,1,1,1,3,2,2,1,1,1
324,4,4,4,3,1,1,1,2,1,1,3,2,2
373,5,1,1,2,1,1,1,3,1,2,1,2,4
373,6,2,2,2,1,1,1,1,3,3,2,1,1
373,7,3,3,2,1,1,1,3,3,3,1,2,2
373,8,4,4,3,1,1,1,3,2,3,2,3,4
285,1,1,1,3,1,1,1,1,1,2,2,3,3
285,2,2,2,2,1,1,1,2,2,4,3,1,1
285,3,3,3,2,1,1,1,3,2,2,1,1,1
285,4,4,4,3,1,1,1,2,1,1,3,2,2
326,1,1,1,2,1,1,1,1,1,2,2,3,3
326,2,2,2,1,1,1,1,2,2,4,3,1,1
326,3,3,3,3,1,1,1,3,2,2,1,1,1
326,4,4,4,2,1,1,1,2,1,1,3,2,2
299,5,1,1,2,1,1,1,3,1,2,1,2,4
299,6,2,2,2,1,1,1,1,3,3,2,1,1
299,7,3,3,2,1,1,1,3,3,3,1,2,2
299,8,4,4,3,1,1,1,3,2,3,2,3,4
359,1,1,1,3,1,1,1,1,1,2,2,3,3
359,2,2,2,1,1,1,1,2,2,4,3,1,1
359,3,3,3,3,1,1,1,3,2,2,1,1,1
359,4,4,4,2,1,1,1,2,1,1,3,2,2
380,5,1,1,1,1,1,1,3,1,2,1,2,4
380,6,2,2,2,1,1,1,1,3,3,2,1,1
380,7,3,3,1,1,1,1,3,3,3,1,2,2
380,8,4,4,3,1,1,1,3,2,3,2,3,4
276,5,1,1,3,1,1,1,3,1,2,1,2,4
276,6,2,2,2,1,1,1,1,3,3,2,1,1
276,7,3,3,2,1,1,1,3,3,3,1,2,2
276,8,4,4,3,1,1,1,3,2,3,2,3,4
360,5,1,1,3,1,1,1,3,1,2,1,2,4
360,6,2,2,2,1,1,1,1,3,3,2,1,1
360,7,3,3,2,1,1,1,3,3,3,1,2,2
360,8,4,4,3,1,1,1,3,2,3,2,3,4
286,1,1,1,3,1,1,1,1,1,2,2,3,3
286,2,2,2,1,1,1,1,2,2,4,3,1,1
286,3,3,3,3,1,1,1,3,2,2,1,1,1
286,4,4,4,1,1,1,1,2,1,1,3,2,2
347,5,1,1,3,1,1,1,3,1,2,1,2,4
347,6,2,2,2,1,1,1,1,3,3,2,1,1
347,7,3,3,3,1,1,1,3,3,3,1,2,2
347,8,4,4,3,1,1,1,3,2,3,2,3,4
362,5,1,1,3,1,1,1,3,1,2,1,2,4
362,6,2,2,2,1,1,1,1,3,3,2,1,1
362,7,3,3,3,1,1,1,3,3,3,1,2,2
362,8,4,4,3,1,1,1,3,2,3,2,3,4
385,1,1,1,3,1,1,1,1,1,2,2,3,3
385,2,2,2,1,1,1,1,2,2,4,3,1,1
385,3,3,3,2,1,1,1,3,2,2,1,1,1
385,4,4,4,2,1,1,1,2,1,1,3,2,2
363,5,1,1,1,1,1,1,3,1,2,1,2,4
363,6,2,2,3,1,1,1,1,3,3,2,1,1
363,7,3,3,3,1,1,1,3,3,3,1,2,2
363,8,4,4,1,1,1,1,3,2,3,2,3,4
383,1,1,1,2,1,1,1,1,1,2,2,3,3
383,2,2,2,1,1,1,1,2,2,4,3,1,1
383,3,3,3,2,1,1,1,3,2,2,1,1,1
383,4,4,4,3,1,1,1,2,1,1,3,2,2
300,5,1,1,3,1,1,1,3,1,2,1,2,4
300,6,2,2,2,1,1,1,1,3,3,2,1,1
300,7,3,3,3,1,1,1,3,3,3,1,2,2
300,8,4,4,3,1,1,1,3,2,3,2,3,4
382,5,1,1,2,1,1,1,3,1,2,1,2,4
382,6,2,2,3,1,1,1,1,3,3,2,1,1
382,7,3,3,3,1,1,1,3,3,3,1,2,2
382,8,4,4,2,1,1,1,3,2,3,2,3,4
403,1,1,1,2,1,1,1,1,1,2,2,3,3
403,2,2,2,1,1,1,1,2,2,4,3,1,1
403,3,3,3,2,1,1,1,3,2,2,1,1,1
403,4,4,4,3,1,1,1,2,1,1,3,2,2
335,5,1,1,2,1,1,1,3,1,2,1,2,4
335,6,2,2,2,1,1,1,1,3,3,2,1,1
335,7,3,3,3,1,1,1,3,3,3,1,2,2
335,8,4,4,3,1,1,1,3,2,3,2,3,4
391,5,1,1,1,1,1,1,3,1,2,1,2,4
391,6,2,2,1,1,1,1,1,3,3,2,1,1
391,7,3,3,1,1,1,1,3,3,3,1,2,2
391,8,4,4,1,1,1,1,3,2,3,2,3,4
370,1,1,1,2,1,1,1,1,1,2,2,3,3
370,2,2,2,3,1,1,1,2,2,4,3,1,1
370,3,3,3,3,1,1,1,3,2,2,1,1,1
370,4,4,4,2,1,1,1,2,1,1,3,2,2
336,5,1,1,2,1,1,1,3,1,2,1,2,4
336,6,2,2,2,1,1,1,1,3,3,2,1,1
336,7,3,3,3,1,1,1,3,3,3,1,2,2
336,8,4,4,1,1,1,1,3,2,3,2,3,4
379,1,1,1,2,1,1,1,1,1,2,2,3,3
379,2,2,2,2,1,1,1,2,2,4,3,1,1
379,3,3,3,2,1,1,1,3,2,2,1,1,1
379,4,4,4,3,1,1,1,2,1,1,3,2,2
371,1,1,1,2,1,1,1,1,1,2,2,3,3
371,2,2,2,1,1,1,1,2,2,4,3,1,1
371,3,3,3,1,1,1,1,3,2,2,1,1,1
371,4,4,4,1,1,1,1,2,1,1,3,2,2
332,5,1,1,1,1,1,1,3,1,2,1,2,4
332,6,2,2,3,1,1,1,1,3,3,2,1,1
332,7,3,3,1,1,1,1,3,3,3,1,2,2
332,8,4,4,1,1,1,1,3,2,3,2,3,4
357,1,1,1,1,1,1,1,1,1,2,2,3,3
357,2,2,2,1,1,1,1,2,2,4,3,1,1
357,3,3,3,1,1,1,1,3,2,2,1,1,1
357,4,4,4,1,1,1,1,2,1,1,3,2,2
410,5,1,1,2,1,1,1,3,1,2,1,2,4
410,6,2,2,1,1,1,1,1,3,3,2,1,1
410,7,3,3,3,1,1,1,3,3,3,1,2,2
410,8,4,4,2,1,1,1,3,2,3,2,3,4
393,5,1,1,2,1,1,1,3,1,2,1,2,4
393,6,2,2,2,1,1,1,1,3,3,2,1,1
393,7,3,3,3,1,1,1,3,3,3,1,2,2
393,8,4,4,1,1,1,1,3,2,3,2,3,4
423,1,1,1,2,1,1,1,1,1,2,2,3,3
423,2,2,2,2,1,1,1,2,2,4,3,1,1
423,3,3,3,2,1,1,1,3,2,2,1,1,1
423,4,4,4,2,1,1,1,2,1,1,3,2,2
397,1,1,1,2,1,1,1,1,1,2,2,3,3
397,2,2,2,3,1,1,1,2,2,4,3,1,1
397,3,3,3,2,1,1,1,3,2,2,1,1,1
397,4,4,4,3,1,1,1,2,1,1,3,2,2
394,5,1,1,3,1,1,1,3,1,2,1,2,4
394,6,2,2,2,1,1,1,1,3,3,2,1,1
394,7,3,3,2,1,1,1,3,3,3,1,2,2
394,8,4,4,3,1,1,1,3,2,3,2,3,4
392,1,1,1,2,1,1,1,1,1,2,2,3,3
392,2,2,2,1,1,1,1,2,2,4,3,1,1
392,3,3,3,3,1,1,1,3,2,2,1,1,1
392,4,4,4,2,1,1,1,2,1,1,3,2,2
378,5,1,1,3,1,1,1,3,1,2,1,2,4
378,6,2,2,2,1,1,1,1,3,3,2,1,1
378,7,3,3,3,1,1,1,3,3,3,1,2,2
378,8,4,4,3,1,1,1,3,2,3,2,3,4
406,5,1,1,2,1,1,1,3,1,2,1,2,4
406,6,2,2,1,1,1,1,1,3,3,2,1,1
406,7,3,3,3,1,1,1,3,3,3,1,2,2
406,8,4,4,2,1,1,1,3,2,3,2,3,4
414,5,1,1,2,1,1,1,3,1,2,1,2,4
414,6,2,2,2,1,1,1,1,3,3,2,1,1
414,7,3,3,2,1,1,1,3,3,3,1,2,2
414,8,4,4,2,1,1,1,3,2,3,2,3,4
375,5,1,1,3,1,1,1,3,1,2,1,2,4
375,6,2,2,2,1,1,1,1,3,3,2,1,1
375,7,3,3,2,1,1,1,3,3,3,1,2,2
375,8,4,4,3,1,1,1,3,2,3,2,3,4
346,5,1,1,3,1,1,1,3,1,2,1,2,4
346,6,2,2,2,1,1,1,1,3,3,2,1,1
346,7,3,3,2,1,1,1,3,3,3,1,2,2
346,8,4,4,3,1,1,1,3,2,3,2,3,4
384,1,1,1,2,1,1,1,1,1,2,2,3,3
384,2,2,2,2,1,1,1,2,2,4,3,1,1
384,3,3,3,2,1,1,1,3,2,2,1,1,1
384,4,4,4,1,1,1,1,2,1,1,3,2,2
356,1,1,1,2,1,1,1,1,1,2,2,3,3
356,2,2,2,1,1,1,1,2,2,4,3,1,1
356,3,3,3,1,1,1,1,3,2,2,1,1,1
356,4,4,4,3,1,1,1,2,1,1,3,2,2
377,5,1,1,1,1,1,1,3,1,2,1,2,4
377,6,2,2,1,1,1,1,1,3,3,2,1,1
377,7,3,3,1,1,1,1,3,3,3,1,2,2
377,8,4,4,1,1,1,1,3,2,3,2,3,4
328,5,1,1,3,1,1,1,3,1,2,1,2,4
328,6,2,2,2,1,1,1,1,3,3,2,1,1
328,7,3,3,2,1,1,1,3,3,3,1,2,2
328,8,4,4,3,1,1,1,3,2,3,2,3,4
439,5,1,1,1,1,1,1,3,1,2,1,2,4
439,6,2,2,2,1,1,1,1,3,3,2,1,1
439,7,3,3,2,1,1,1,3,3,3,1,2,2
439,8,4,4,2,1,1,1,3,2,3,2,3,4
341,1,1,1,3,1,1,1,1,1,2,2,3,3
341,2,2,2,2,1,1,1,2,2,4,3,1,1
341,3,3,3,2,1,1,1,3,2,2,1,1,1
341,4,4,4,3,1,1,1,2,1,1,3,2,2
368,1,1,1,3,1,1,1,1,1,2,2,3,3
368,2,2,2,2,1,1,1,2,2,4,3,1,1
368,3,3,3,2,1,1,1,3,2,2,1,1,1
368,4,4,4,3,1,1,1,2,1,1,3,2,2
361,1,1,1,3,1,1,1,1,1,2,2,3,3
361,2,2,2,1,1,1,1,2,2,4,3,1,1
361,3,3,3,1,1,1,1,3,2,2,1,1,1
361,4,4,4,1,1,1,1,2,1,1,3,2,2
402,1,1,1,1,1,1,1,1,1,2,2,3,3
402,2,2,2,1,1,1,1,2,2,4,3,1,1
402,3,3,3,3,1,1,1,3,2,2,1,1,1
402,4,4,4,2,1,1,1,2,1,1,3,2,2
364,5,1,1,3,1,1,1,3,1,2,1,2,4
364,6,2,2,2,1,1,1,1,3,3,2,1,1
364,7,3,3,2,1,1,1,3,3,3,1,2,2
364,8,4,4,3,1,1,1,3,2,3,2,3,4
387,1,1,1,3,1,1,1,1,1,2,2,3,3
387,2,2,2,1,1,1,1,2,2,4,3,1,1
387,3,3,3,3,1,1,1,3,2,2,1,1,1
387,4,4,4,3,1,1,1,2,1,1,3,2,2
342,5,1,1,3,1,1,1,3,1,2,1,2,4
342,6,2,2,2,1,1,1,1,3,3,2,1,1
342,7,3,3,3,1,1,1,3,3,3,1,2,2
342,8,4,4,3,1,1,1,3,2,3,2,3,4
390,1,1,1,3,1,1,1,1,1,2,2,3,3
390,2,2,2,2,1,1,1,2,2,4,3,1,1
390,3,3,3,2,1,1,1,3,2,2,1,1,1
390,4,4,4,2,1,1,1,2,1,1,3,2,2
420,1,1,1,3,1,1,1,1,1,2,2,3,3
420,2,2,2,1,1,1,1,2,2,4,3,1,1
420,3,3,3,3,1,1,1,3,2,2,1,1,1
420,4,4,4,2,1,1,1,2,1,1,3,2,2
405,1,1,1,3,1,1,1,1,1,2,2,3,3
405,2,2,2,2,1,1,1,2,2,4,3,1,1
405,3,3,3,2,1,1,1,3,2,2,1,1,1
405,4,4,4,3,1,1,1,2,1,1,3,2,2
418,5,1,1,1,1,1,1,3,1,2,1,2,4
418,6,2,2,3,1,1,1,1,3,3,2,1,1
418,7,3,3,3,1,1,1,3,3,3,1,2,2
418,8,4,4,2,1,1,1,3,2,3,2,3,4
438,5,1,1,3,1,1,1,3,1,2,1,2,4
438,6,2,2,2,1,1,1,1,3,3,2,1,1
438,7,3,3,3,1,1,1,3,3,3,1,2,2
438,8,4,4,3,1,1,1,3,2,3,2,3,4
417,1,1,1,3,1,1,1,1,1,2,2,3,3
417,2,2,2,1,1,1,1,2,2,4,3,1,1
417,3,3,3,2,1,1,1,3,2,2,1,1,1
417,4,4,4,2,1,1,1,2,1,1,3,2,2
338,1,1,1,3,1,1,1,1,1,2,2,3,3
338,2,2,2,2,1,1,1,2,2,4,3,1,1
338,3,3,3,2,1,1,1,3,2,2,1,1,1
338,4,4,4,3,1,1,1,2,1,1,3,2,2
400,1,1,1,1,1,1,1,1,1,2,2,3,3
400,2,2,2,1,1,1,1,2,2,4,3,1,1
400,3,3,3,1,1,1,1,3,2,2,1,1,1
400,4,4,4,1,1,1,1,2,1,1,3,2,2
348,5,1,1,2,1,1,1,3,1,2,1,2,4
348,6,2,2,2,1,1,1,1,3,3,2,1,1
348,7,3,3,3,1,1,1,3,3,3,1,2,2
348,8,4,4,1,1,1,1,3,2,3,2,3,4
388,1,1,1,3,1,1,1,1,1,2,2,3,3
388,2,2,2,2,1,1,1,2,2,4,3,1,1
388,3,3,3,3,1,1,1,3,2,2,1,1,1
388,4,4,4,3,1,1,1,2,1,1,3,2,2
426,5,1,1,1,1,1,1,3,1,2,1,2,4
426,6,2,2,1,1,1,1,1,3,3,2,1,1
426,7,3,3,1,1,1,1,3,3,3,1,2,2
426,8,4,4,1,1,1,1,3,2,3,2,3,4
429,5,1,1,2,1,1,1,3,1,2,1,2,4
429,6,2,2,3,1,1,1,1,3,3,2,1,1
429,7,3,3,3,1,1,1,3,3,3,1,2,2
429,8,4,4,1,1,1,1,3,2,3,2,3,4
443,1,1,1,3,1,1,1,1,1,2,2,3,3
443,2,2,2,2,1,1,1,2,2,4,3,1,1
443,3,3,3,2,1,1,1,3,2,2,1,1,1
443,4,4,4,3,1,1,1,2,1,1,3,2,2
432,5,1,1,1,1,1,1,3,1,2,1,2,4
432,6,2,2,1,1,1,1,1,3,3,2,1,1
432,7,3,3,1,1,1,1,3,3,3,1,2,2
432,8,4,4,1,1,1,1,3,2,3,2,3,4
311,5,1,1,1,1,1,1,3,1,2,1,2,4
311,6,2,2,1,1,1,1,1,3,3,2,1,1
311,7,3,3,1,1,1,1,3,3,3,1,2,2
311,8,4,4,1,1,1,1,3,2,3,2,3,4
434,5,1,1,2,1,1,1,3,1,2,1,2,4
434,6,2,2,2,1,1,1,1,3,3,2,1,1
434,7,3,3,2,1,1,1,3,3,3,1,2,2
434,8,4,4,2,1,1,1,3,2,3,2,3,4
427,1,1,1,3,1,1,1,1,1,2,2,3,3
427,2,2,2,2,1,1,1,2,2,4,3,1,1
427,3,3,3,3,1,1,1,3,2,2,1,1,1
427,4,4,4,2,1,1,1,2,1,1,3,2,2
415,1,1,1,1,1,1,1,1,1,2,2,3,3
415,2,2,2,2,1,1,1,2,2,4,3,1,1
415,3,3,3,2,1,1,1,3,2,2,1,1,1
415,4,4,4,3,1,1,1,2,1,1,3,2,2
440,1,1,1,3,1,1,1,1,1,2,2,3,3
440,2,2,2,1,1,1,1,2,2,4,3,1,1
440,3,3,3,3,1,1,1,3,2,2,1,1,1
440,4,4,4,2,1,1,1,2,1,1,3,2,2
398,1,1,1,3,1,1,1,1,1,2,2,3,3
398,2,2,2,2,1,1,1,2,2,4,3,1,1
398,3,3,3,2,1,1,1,3,2,2,1,1,1
398,4,4,4,3,1,1,1,2,1,1,3,2,2
431,1,1,1,2,1,1,1,1,1,2,2,3,3
431,2,2,2,2,1,1,1,2,2,4,3,1,1
431,3,3,3,2,1,1,1,3,2,2,1,1,1
431,4,4,4,2,1,1,1,2,1,1,3,2,2
395,5,1,1,1,1,1,1,3,1,2,1,2,4
395,6,2,2,2,1,1,1,1,3,3,2,1,1
395,7,3,3,3,1,1,1,3,3,3,1,2,2
395,8,4,4,1,1,1,1,3,2,3,2,3,4
441,1,1,1,3,1,1,1,1,1,2,2,3,3
441,2,2,2,3,1,1,1,2,2,4,3,1,1
441,3,3,3,2,1,1,1,3,2,2,1,1,1
441,4,4,4,3,1,1,1,2,1,1,3,2,2
257,5,1,1,3,1,1,1,3,1,2,1,2,4
257,6,2,2,2,1,1,1,1,3,3,2,1,1
257,7,3,3,2,1,1,1,3,3,3,1,2,2
257,8,4,4,3,1,1,1,3,2,3,2,3,4
399,5,1,1,2,1,1,1,3,1,2,1,2,4
399,6,2,2,2,1,1,1,1,3,3,2,1,1
399,7,3,3,2,1,1,1,3,3,3,1,2,2
399,8,4,4,2,1,1,1,3,2,3,2,3,4
419,5,1,1,1,1,1,1,3,1,2,1,2,4
419,6,2,2,1,1,1,1,1,3,3,2,1,1
419,7,3,3,1,1,1,1,3,3,3,1,2,2
419,8,4,4,1,1,1,1,3,2,3,2,3,4
435,5,1,1,2,1,1,1,3,1,2,1,2,4
435,6,2,2,2,1,1,1,1,3,3,2,1,1
435,7,3,3,3,1,1,1,3,3,3,1,2,2
435,8,4,4,2,1,1,1,3,2,3,2,3,4
430,5,1,1,2,1,1,1,3,1,2,1,2,4
430,6,2,2,2,1,1,1,1,3,3,2,1,1
430,7,3,3,3,1,1,1,3,3,3,1,2,2
430,8,4,4,1,1,1,1,3,2,3,2,3,4
411,1,1,1,2,1,1,1,1,1,2,2,3,3
411,2,2,2,2,1,1,1,2,2,4,3,1,1
411,3,3,3,2,1,1,1,3,2,2,1,1,1
411,4,4,4,3,1,1,1,2,1,1,3,2,2
408,1,1,1,2,1,1,1,1,1,2,2,3,3
408,2,2,2,3,1,1,1,2,2,4,3,1,1
408,3,3,3,2,1,1,1,3,2,2,1,1,1
408,4,4,4,3,1,1,1,2,1,1,3,2,2
386,5,1,1,2,1,1,1,3,1,2,1,2,4
386,6,2,2,2,1,1,1,1,3,3,2,1,1
386,7,3,3,2,1,1,1,3,3,3,1,2,2
386,8,4,4,2,1,1,1,3,2,3,2,3,4
446,5,1,1,3,1,1,1,3,1,2,1,2,4
446,6,2,2,2,1,1,1,1,3,3,2,1,1
446,7,3,3,2,1,1,1,3,3,3,1,2,2
446,8,4,4,3,1,1,1,3,2,3,2,3,4
436,5,1,1,1,1,1,1,3,1,2,1,2,4
436,6,2,2,2,1,1,1,1,3,3,2,1,1
436,7,3,3,3,1,1,1,3,3,3,1,2,2
436,8,4,4,1,1,1,1,3,2,3,2,3,4
437,1,1,1,2,1,1,1,1,1,2,2,3,3
437,2,2,2,1,1,1,1,2,2,4,3,1,1
437,3,3,3,1,1,1,1,3,2,2,1,1,1
437,4,4,4,2,1,1,1,2,1,1,3,2,2
442,5,1,1,3,1,1,1,3,1,2,1,2,4
442,6,2,2,2,1,1,1,1,3,3,2,1,1
442,7,3,3,2,1,1,1,3,3,3,1,2,2
442,8,4,4,3,1,1,1,3,2,3,2,3,4
304,5,1,1,3,1,1,1,3,1,2,1,2,4
304,6,2,2,2,1,1,1,1,3,3,2,1,1
304,7,3,3,3,1,1,1,3,3,3,1,2,2
304,8,4,4,3,1,1,1,3,2,3,2,3,4
422,1,1,1,3,1,1,1,1,1,2,2,3,3
422,2,2,2,2,1,1,1,2,2,4,3,1,1
422,3,3,3,3,1,1,1,3,2,2,1,1,1
422,4,4,4,1,1,1,1,2,1,1,3,2,2
424,5,1,1,1,1,1,1,3,1,2,1,2,4
424,6,2,2,1,1,1,1,1,3,3,2,1,1
424,7,3,3,1,1,1,1,3,3,3,1,2,2
424,8,4,4,1,1,1,1,3,2,3,2,3,4
381,1,1,1,3,1,1,1,1,1,2,2,3,3
381,2,2,2,1,1,1,1,2,2,4,3,1,1
381,3,3,3,2,1,1,1,3,2,2,1,1,1
381,4,4,4,2,1,1,1,2,1,1,3,2,2
412,5,1,1,3,1,1,1,3,1,2,1,2,4
412,6,2,2,2,1,1,1,1,3,3,2,1,1
412,7,3,3,2,1,1,1,3,3,3,1,2,2
412,8,4,4,3,1,1,1,3,2,3,2,3,4
416,1,1,1,2,1,1,1,1,1,2,2,3,3
416,2,2,2,3,1,1,1,2,2,4,3,1,1
416,3,3,3,3,1,1,1,3,2,2,1,1,1
416,4,4,4,2,1,1,1,2,1,1,3,2,2
421,1,1,1,2,1,1,1,1,1,2,2,3,3
421,2,2,2,3,1,1,1,2,2,4,3,1,1
421,3,3,3,3,1,1,1,3,2,2,1,1,1
421,4,4,4,2,1,1,1,2,1,1,3,2,2
433,1,1,1,3,1,1,1,1,1,2,2,3,3
433,2,2,2,2,1,1,1,2,2,4,3,1,1
433,3,3,3,2,1,1,1,3,2,2,1,1,1
433,4,4,4,3,1,1,1,2,1,1,3,2,2
265,5,1,1,3,1,1,1,3,1,2,1,2,4
265,6,2,2,2,1,1,1,1,3,3,2,1,1
265,7,3,3,3,1,1,1,3,3,3,1,2,2
265,8,4,4,3,1,1,1,3,2,3,2,3,4
409,5,1,1,3,1,1,1,3,1,2,1,2,4
409,6,2,2,2,1,1,1,1,3,3,2,1,1
409,7,3,3,3,1,1,1,3,3,3,1,2,2
409,8,4,4,3,1,1,1,3,2,3,2,3,4
369,1,1,1,3,1,1,1,1,1,2,2,3,3
369,2,2,2,3,1,1,1,2,2,4,3,1,1
369,3,3,3,2,1,1,1,3,2,2,1,1,1
369,4,4,4,3,1,1,1,2,1,1,3,2,2
413,1,1,1,2,1,1,1,1,1,2,2,3,3
413,2,2,2,1,1,1,1,2,2,4,3,1,1
413,3,3,3,2,1,1,1,3,2,2,1,1,1
413,4,4,4,2,1,1,1,2,1,1,3,2,2
407,5,1,1,2,1,1,1,3,1,2,1,2,4
407,6,2,2,2,1,1,1,1,3,3,2,1,1
407,7,3,3,3,1,1,1,3,3,3,1,2,2
407,8,4,4,2,1,1,1,3,2,3,2,3,4
447,1,1,1,3,1,1,1,1,1,2,2,3,3
447,2,2,2,1,1,1,1,2,2,4,3,1,1
447,3,3,3,2,1,1,1,3,2,2,1,1,1
447,4,4,4,3,1,1,1,2,1,1,3,2,2
444,5,1,1,3,1,1,1,3,1,2,1,2,4
444,6,2,2,3,1,1,1,1,3,3,2,1,1
444,7,3,3,3,1,1,1,3,3,3,1,2,2
444,8,4,4,3,1,1,1,3,2,3,2,3,4
127,5,1,1,3,1,1,1,3,1,2,1,2,4
127,6,2,2,2,1,1,1,1,3,3,2,1,1
127,7,3,3,2,1,1,1,3,3,3,1,2,2
127,8,4,4,3,1,1,1,3,2,3,2,3,4
389,1,1,1,3,1,1,1,1,1,2,2,3,3
389,2,2,2,1,1,1,1,2,2,4,3,1,1
389,3,3,3,2,1,1,1,3,2,2,1,1,1
389,4,4,4,3,1,1,1,2,1,1,3,2,2
374,1,1,1,1,1,1,1,1,1,2,2,3,3
374,2,2,2,1,1,1,1,2,2,4,3,1,1
374,3,3,3,1,1,1,1,3,2,2,1,1,1
374,4,4,4,1,1,1,1,2,1,1,3,2,2
279,1,1,1,1,1,1,1,1,1,2,2,3,3
279,2,2,2,1,1,1,1,2,2,4,3,1,1
279,3,3,3,3,1,1,1,3,2,2,1,1,1
279,4,4,4,2,1,1,1,2,1,1,3,2,2
401,5,1,1,2,1,1,1,3,1,2,1,2,4
401,6,2,2,3,1,1,1,1,3,3,2,1,1
401,7,3,3,3,1,1,1,3,3,3,1,2,2
401,8,4,4,1,1,1,1,3,2,3,2,3,4
449,1,1,1,2,1,1,1,1,1,2,2,3,3
449,2,2,2,2,1,1,1,2,2,4,3,1,1
449,3,3,3,1,1,1,1,3,2,2,1,1,1
449,4,4,4,3,1,1,1,2,1,1,3,2,2
354,1,1,1,3,1,1,1,1,1,2,2,3,3
354,2,2,2,2,1,1,1,2,2,4,3,1,1
354,3,3,3,2,1,1,1,3,2,2,1,1,1
354,4,4,4,3,1,1,1,2,1,1,3,2,2
448,5,1,1,2,1,1,1,3,1,2,1,2,4
448,6,2,2,3,1,1,1,1,3,3,2,1,1
448,7,3,3,3,1,1,1,3,3,3,1,2,2
448,8,4,4,2,1,1,1,3,2,3,2,3,4
450,1,1,1,1,1,1,1,1,1,2,2,3,3
450,2,2,2,3,1,1,1,2,2,4,3,1,1
450,3,3,3,3,1,1,1,3,2,2,1,1,1
450,4,4,4,2,1,1,1,2,1,1,3,2,2
445,5,1,1,2,1,1,1,3,1,2,1,2,4
445,6,2,2,1,1,1,1,1,3,3,2,1,1
445,7,3,3,3,1,1,1,3,3,3,1,2,2
445,8,4,4,1,1,1,1,3,2,3,2,3,4
396,5,1,1,2,1,1,1,3,1,2,1,2,4
396,6,2,2,3,1,1,1,1,3,3,2,1,1
396,7,3,3,2,1,1,1,3,3,3,1,2,2
396,8,4,4,2,1,1,1,3,2,3,2,3,4
452,1,1,1,3,1,1,1,1,1,2,2,3,3
452,2,2,2,3,1,1,1,2,2,4,3,1,1
452,3,3,3,2,1,1,1,3,2,2,1,1,1
452,4,4,4,2,1,1,1,2,1,1,3,2,2
451,1,1,1,2,1,1,1,1,1,2,2,3,3
451,2,2,2,3,1,1,1,2,2,4,3,1,1
451,3,3,3,3,1,1,1,3,2,2,1,1,1
451,4,4,4,3,1,1,1,2,1,1,3,2,2
453,5,1,1,2,1,1,1,3,1,2,1,2,4
453,6,2,2,3,1,1,1,1,3,3,2,1,1
453,7,3,3,3,1,1,1,3,3,3,1,2,2
453,8,4,4,1,1,1,1,3,2,3,2,3,4
345,5,1,1,,1,1,1,3,1,2,1,2,4
200,1,1,1,2,1,1,1,1,1,2,2,3,3
200,2,2,2,,1,1,1,2,2,4,3,1,1
103,1,1,1,3,1,1,1,1,1,2,2,3,3
103,2,2,2,2,1,1,1,2,2,4,3,1,1
103,3,3,3,,1,1,1,3,2,2,1,1,1
73,1,1,1,,1,1,1,1,1,2,2,3,3
174,5,1,1,3,1,1,1,3,1,2,1,2,4
174,6,2,2,2,1,1,1,1,3,3,2,1,1
174,7,3,3,3,1,1,1,3,3,3,1,2,2
174,8,4,4,2,1,1,1,3,2,3,2,3,4
108,1,1,1,2,1,1,1,1,1,2,2,3,3
108,2,2,2,1,1,1,1,2,2,4,3,1,1
108,3,3,3,2,1,1,1,3,2,2,1,1,1
108,4,4,4,3,1,1,1,2,1,1,3,2,2
454,1,1,1,3,1,1,1,1,1,2,2,3,3
454,2,2,2,2,1,1,1,2,2,4,3,1,1
454,3,3,3,3,1,1,1,3,2,2,1,1,1
454,4,4,4,2,1,1,1,2,1,1,3,2,2
463,1,1,1,2,1,1,1,1,1,2,2,3,3
463,2,2,2,3,1,1,1,2,2,4,3,1,1
463,3,3,3,3,1,1,1,3,2,2,1,1,1
463,4,4,4,2,1,1,1,2,1,1,3,2,2
457,1,1,1,3,1,1,1,1,1,2,2,3,3
457,2,2,2,1,1,1,1,2,2,4,3,1,1
457,3,3,3,3,1,1,1,3,2,2,1,1,1
457,4,4,4,2,1,1,1,2,1,1,3,2,2
469,1,1,1,3,1,1,1,1,1,2,2,3,3
469,2,2,2,1,1,1,1,2,2,4,3,1,1
469,3,3,3,1,1,1,1,3,2,2,1,1,1
469,4,4,4,1,1,1,1,2,1,1,3,2,2
489,5,1,1,3,1,1,1,3,1,2,1,2,4
489,6,2,2,2,1,1,1,1,3,3,2,1,1
489,7,3,3,3,1,1,1,3,3,3,1,2,2
489,8,4,4,3,1,1,1,3,2,3,2,3,4
466,1,1,1,2,1,1,1,1,1,2,2,3,3
466,2,2,2,3,1,1,1,2,2,4,3,1,1
466,3,3,3,2,1,1,1,3,2,2,1,1,1
466,4,4,4,2,1,1,1,2,1,1,3,2,2
461,5,1,1,3,1,1,1,3,1,2,1,2,4
461,6,2,2,1,1,1,1,1,3,3,2,1,1
461,7,3,3,3,1,1,1,3,3,3,1,2,2
461,8,4,4,3,1,1,1,3,2,3,2,3,4
458,1,1,1,1,1,1,1,1,1,2,2,3,3
458,2,2,2,1,1,1,1,2,2,4,3,1,1
458,3,3,3,1,1,1,1,3,2,2,1,1,1
458,4,4,4,1,1,1,1,2,1,1,3,2,2
462,1,1,1,2,1,1,1,1,1,2,2,3,3
462,2,2,2,3,1,1,1,2,2,4,3,1,1
462,3,3,3,3,1,1,1,3,2,2,1,1,1
462,4,4,4,3,1,1,1,2,1,1,3,2,2
476,5,1,1,3,1,1,1,3,1,2,1,2,4
476,6,2,2,2,1,1,1,1,3,3,2,1,1
476,7,3,3,3,1,1,1,3,3,3,1,2,2
476,8,4,4,3,1,1,1,3,2,3,2,3,4
479,1,1,1,3,1,1,1,1,1,2,2,3,3
479,2,2,2,2,1,1,1,2,2,4,3,1,1
479,3,3,3,3,1,1,1,3,2,2,1,1,1
479,4,4,4,2,1,1,1,2,1,1,3,2,2
455,1,1,1,1,1,1,1,1,1,2,2,3,3
455,2,2,2,1,1,1,1,2,2,4,3,1,1
455,3,3,3,3,1,1,1,3,2,2,1,1,1
455,4,4,4,2,1,1,1,2,1,1,3,2,2
486,1,1,1,3,1,1,1,1,1,2,2,3,3
486,2,2,2,3,1,1,1,2,2,4,3,1,1
486,3,3,3,2,1,1,1,3,2,2,1,1,1
486,4,4,4,3,1,1,1,2,1,1,3,2,2
475,1,1,1,2,1,1,1,1,1,2,2,3,3
475,2,2,2,3,1,1,1,2,2,4,3,1,1
475,3,3,3,3,1,1,1,3,2,2,1,1,1
475,4,4,4,2,1,1,1,2,1,1,3,2,2
472,1,1,1,3,1,1,1,1,1,2,2,3,3
472,2,2,2,2,1,1,1,2,2,4,3,1,1
472,3,3,3,2,1,1,1,3,2,2,1,1,1
472,4,4,4,2,1,1,1,2,1,1,3,2,2
467,5,1,1,1,1,1,1,3,1,2,1,2,4
467,6,2,2,3,1,1,1,1,3,3,2,1,1
467,7,3,3,3,1,1,1,3,3,3,1,2,2
467,8,4,4,1,1,1,1,3,2,3,2,3,4
477,5,1,1,3,1,1,1,3,1,2,1,2,4
477,6,2,2,2,1,1,1,1,3,3,2,1,1
477,7,3,3,3,1,1,1,3,3,3,1,2,2
477,8,4,4,3,1,1,1,3,2,3,2,3,4
488,1,1,1,3,1,1,1,1,1,2,2,3,3
488,2,2,2,2,1,1,1,2,2,4,3,1,1
488,3,3,3,2,1,1,1,3,2,2,1,1,1
488,4,4,4,2,1,1,1,2,1,1,3,2,2
456,5,1,1,3,1,1,1,3,1,2,1,2,4
456,6,2,2,2,1,1,1,1,3,3,2,1,1
456,7,3,3,3,1,1,1,3,3,3,1,2,2
456,8,4,4,3,1,1,1,3,2,3,2,3,4
470,1,1,1,2,1,1,1,1,1,2,2,3,3
470,2,2,2,1,1,1,1,2,2,4,3,1,1
470,3,3,3,3,1,1,1,3,2,2,1,1,1
470,4,4,4,2,1,1,1,2,1,1,3,2,2
471,5,1,1,3,1,1,1,3,1,2,1,2,4
471,6,2,2,2,1,1,1,1,3,3,2,1,1
471,7,3,3,2,1,1,1,3,3,3,1,2,2
471,8,4,4,3,1,1,1,3,2,3,2,3,4
484,5,1,1,3,1,1,1,3,1,2,1,2,4
484,6,2,2,2,1,1,1,1,3,3,2,1,1
484,7,3,3,3,1,1,1,3,3,3,1,2,2
484,8,4,4,3,1,1,1,3,2,3,2,3,4
468,1,1,1,2,1,1,1,1,1,2,2,3,3
468,2,2,2,3,1,1,1,2,2,4,3,1,1
468,3,3,3,3,1,1,1,3,2,2,1,1,1
468,4,4,4,2,1,1,1,2,1,1,3,2,2
487,1,1,1,1,1,1,1,1,1,2,2,3,3
487,2,2,2,1,1,1,1,2,2,4,3,1,1
487,3,3,3,1,1,1,1,3,2,2,1,1,1
487,4,4,4,1,1,1,1,2,1,1,3,2,2
490,5,1,1,2,1,1,1,3,1,2,1,2,4
490,6,2,2,2,1,1,1,1,3,3,2,1,1
490,7,3,3,3,1,1,1,3,3,3,1,2,2
490,8,4,4,3,1,1,1,3,2,3,2,3,4
494,5,1,1,3,1,1,1,3,1,2,1,2,4
494,6,2,2,2,1,1,1,1,3,3,2,1,1
494,7,3,3,3,1,1,1,3,3,3,1,2,2
494,8,4,4,3,1,1,1,3,2,3,2,3,4
459,1,1,1,1,1,1,1,1,1,2,2,3,3
459,2,2,2,1,1,1,1,2,2,4,3,1,1
459,3,3,3,1,1,1,1,3,2,2,1,1,1
459,4,4,4,1,1,1,1,2,1,1,3,2,2
464,5,1,1,3,1,1,1,3,1,2,1,2,4
464,6,2,2,2,1,1,1,1,3,3,2,1,1
464,7,3,3,2,1,1,1,3,3,3,1,2,2
464,8,4,4,3,1,1,1,3,2,3,2,3,4
465,5,1,1,3,1,1,1,3,1,2,1,2,4
465,6,2,2,2,1,1,1,1,3,3,2,1,1
465,7,3,3,3,1,1,1,3,3,3,1,2,2
465,8,4,4,3,1,1,1,3,2,3,2,3,4
460,5,1,1,3,1,1,1,3,1,2,1,2,4
460,6,2,2,2,1,1,1,1,3,3,2,1,1
460,7,3,3,3,1,1,1,3,3,3,1,2,2
460,8,4,4,2,1,1,1,3,2,3,2,3,4
492,5,1,1,2,1,1,1,3,1,2,1,2,4
492,6,2,2,3,1,1,1,1,3,3,2,1,1
492,7,3,3,3,1,1,1,3,3,3,1,2,2
492,8,4,4,1,1,1,1,3,2,3,2,3,4
496,1,1,1,3,1,1,1,1,1,2,2,3,3
496,2,2,2,1,1,1,1,2,2,4,3,1,1
496,3,3,3,2,1,1,1,3,2,2,1,1,1
496,4,4,4,1,1,1,1,2,1,1,3,2,2
480,1,1,1,1,1,1,1,1,1,2,2,3,3
480,2,2,2,3,1,1,1,2,2,4,3,1,1
480,3,3,3,2,1,1,1,3,2,2,1,1,1
480,4,4,4,3,1,1,1,2,1,1,3,2,2
491,5,1,1,3,1,1,1,3,1,2,1,2,4
491,6,2,2,3,1,1,1,1,3,3,2,1,1
491,7,3,3,3,1,1,1,3,3,3,1,2,2
491,8,4,4,3,1,1,1,3,2,3,2,3,4
482,1,1,1,3,1,1,1,1,1,2,2,3,3
482,2,2,2,1,1,1,1,2,2,4,3,1,1
482,3,3,3,3,1,1,1,3,2,2,1,1,1
482,4,4,4,2,1,1,1,2,1,1,3,2,2
485,5,1,1,1,1,1,1,3,1,2,1,2,4
485,6,2,2,3,1,1,1,1,3,3,2,1,1
485,7,3,3,2,1,1,1,3,3,3,1,2,2
485,8,4,4,1,1,1,1,3,2,3,2,3,4
497,1,1,1,2,1,1,1,1,1,2,2,3,3
497,2,2,2,3,1,1,1,2,2,4,3,1,1
497,3,3,3,2,1,1,1,3,2,2,1,1,1
497,4,4,4,3,1,1,1,2,1,1,3,2,2
493,5,1,1,2,1,1,1,3,1,2,1,2,4
493,6,2,2,2,1,1,1,1,3,3,2,1,1
493,7,3,3,2,1,1,1,3,3,3,1,2,2
493,8,4,4,2,1,1,1,3,2,3,2,3,4
495,1,1,1,2,1,1,1,1,1,2,2,3,3
495,2,2,2,3,1,1,1,2,2,4,3,1,1
495,3,3,3,3,1,1,1,3,2,2,1,1,1
495,4,4,4,2,1,1,1,2,1,1,3,2,2
481,1,1,1,3,1,1,1,1,1,2,2,3,3
481,2,2,2,1,1,1,1,2,2,4,3,1,1
481,3,3,3,2,1,1,1,3,2,2,1,1,1
481,4,4,4,2,1,1,1,2,1,1,3,2,2
478,5,1,1,,1,1,1,3,1,2,1,2,4
508,1,1,1,2,1,1,1,1,1,2,2,3,3
508,2,2,2,3,1,1,1,2,2,4,3,1,1
508,3,3,3,3,1,1,1,3,2,2,1,1,1
508,4,4,4,2,1,1,1,2,1,1,3,2,2
505,5,1,1,3,1,1,1,3,1,2,1,2,4
505,6,2,2,2,1,1,1,1,3,3,2,1,1
505,7,3,3,3,1,1,1,3,3,3,1,2,2
505,8,4,4,3,1,1,1,3,2,3,2,3,4
498,1,1,1,2,1,1,1,1,1,2,2,3,3
498,2,2,2,3,1,1,1,2,2,4,3,1,1
498,3,3,3,3,1,1,1,3,2,2,1,1,1
498,4,4,4,2,1,1,1,2,1,1,3,2,2
504,1,1,1,3,1,1,1,1,1,2,2,3,3
504,2,2,2,2,1,1,1,2,2,4,3,1,1
504,3,3,3,2,1,1,1,3,2,2,1,1,1
504,4,4,4,3,1,1,1,2,1,1,3,2,2
502,1,1,1,3,1,1,1,1,1,2,2,3,3
502,2,2,2,2,1,1,1,2,2,4,3,1,1
502,3,3,3,2,1,1,1,3,2,2,1,1,1
502,4,4,4,3,1,1,1,2,1,1,3,2,2
506,5,1,1,2,1,1,1,3,1,2,1,2,4
506,6,2,2,2,1,1,1,1,3,3,2,1,1
506,7,3,3,2,1,1,1,3,3,3,1,2,2
506,8,4,4,2,1,1,1,3,2,3,2,3,4
507,1,1,1,3,1,1,1,1,1,2,2,3,3
507,2,2,2,2,1,1,1,2,2,4,3,1,1
507,3,3,3,2,1,1,1,3,2,2,1,1,1
507,4,4,4,3,1,1,1,2,1,1,3,2,2
509,1,1,1,2,1,1,1,1,1,2,2,3,3
509,2,2,2,2,1,1,1,2,2,4,3,1,1
509,3,3,3,2,1,1,1,3,2,2,1,1,1
509,4,4,4,3,1,1,1,2,1,1,3,2,2
503,5,1,1,2,1,1,1,3,1,2,1,2,4
503,6,2,2,2,1,1,1,1,3,3,2,1,1
503,7,3,3,2,1,1,1,3,3,3,1,2,2
503,8,4,4,3,1,1,1,3,2,3,2,3,4
501,5,1,1,3,1,1,1,3,1,2,1,2,4
501,6,2,2,2,1,1,1,1,3,3,2,1,1
501,7,3,3,3,1,1,1,3,3,3,1,2,2
501,8,4,4,3,1,1,1,3,2,3,2,3,4
510,1,1,1,1,1,1,1,1,1,2,2,3,3
510,2,2,2,1,1,1,1,2,2,4,3,1,1
510,3,3,3,1,1,1,1,3,2,2,1,1,1
510,4,4,4,1,1,1,1,2,1,1,3,2,2
514,1,1,1,2,1,1,1,1,1,2,2,3,3
514,2,2,2,3,1,1,1,2,2,4,3,1,1
514,3,3,3,3,1,1,1,3,2,2,1,1,1
514,4,4,4,2,1,1,1,2,1,1,3,2,2
516,5,1,1,3,1,1,1,3,1,2,1,2,4
516,6,2,2,2,1,1,1,1,3,3,2,1,1
516,7,3,3,2,1,1,1,3,3,3,1,2,2
516,8,4,4,2,1,1,1,3,2,3,2,3,4
513,5,1,1,2,1,1,1,3,1,2,1,2,4
513,6,2,2,2,1,1,1,1,3,3,2,1,1
513,7,3,3,2,1,1,1,3,3,3,1,2,2
513,8,4,4,2,1,1,1,3,2,3,2,3,4
512,1,1,1,2,1,1,1,1,1,2,2,3,3
512,2,2,2,2,1,1,1,2,2,4,3,1,1
512,3,3,3,3,1,1,1,3,2,2,1,1,1
512,4,4,4,3,1,1,1,2,1,1,3,2,2
517,5,1,1,2,1,1,1,3,1,2,1,2,4
517,6,2,2,2,1,1,1,1,3,3,2,1,1
517,7,3,3,2,1,1,1,3,3,3,1,2,2
517,8,4,4,2,1,1,1,3,2,3,2,3,4
511,5,1,1,1,1,1,1,3,1,2,1,2,4
511,6,2,2,3,1,1,1,1,3,3,2,1,1
511,7,3,3,3,1,1,1,3,3,3,1,2,2
511,8,4,4,1,1,1,1,3,2,3,2,3,4
518,1,1,1,2,1,1,1,1,1,2,2,3,3
518,2,2,2,2,1,1,1,2,2,4,3,1,1
518,3,3,3,3,1,1,1,3,2,2,1,1,1
518,4,4,4,3,1,1,1,2,1,1,3,2,2
515,1,1,1,3,1,1,1,1,1,2,2,3,3
515,2,2,2,2,1,1,1,2,2,4,3,1,1
515,3,3,3,2,1,1,1,3,2,2,1,1,1
515,4,4,4,3,1,1,1,2,1,1,3,2,2
499,5,1,1,2,1,1,1,3,1,2,1,2,4
499,6,2,2,3,1,1,1,1,3,3,2,1,1
499,7,3,3,3,1,1,1,3,3,3,1,2,2
499,8,4,4,2,1,1,1,3,2,3,2,3,4
523,5,1,1,2,1,1,1,3,1,2,1,2,4
523,6,2,2,2,1,1,1,1,3,3,2,1,1
523,7,3,3,3,1,1,1,3,3,3,1,2,2
523,8,4,4,2,1,1,1,3,2,3,2,3,4
519,1,1,1,3,1,1,1,1,1,2,2,3,3
519,2,2,2,2,1,1,1,2,2,4,3,1,1
519,3,3,3,2,1,1,1,3,2,2,1,1,1
519,4,4,4,3,1,1,1,2,1,1,3,2,2
521,5,1,1,1,1,1,1,3,1,2,1,2,4
521,6,2,2,3,1,1,1,1,3,3,2,1,1
521,7,3,3,1,1,1,1,3,3,3,1,2,2
521,8,4,4,1,1,1,1,3,2,3,2,3,4
522,1,1,1,2,1,1,1,1,1,2,2,3,3
522,2,2,2,3,1,1,1,2,2,4,3,1,1
522,3,3,3,3,1,1,1,3,2,2,1,1,1
522,4,4,4,3,1,1,1,2,1,1,3,2,2
520,5,1,1,3,1,1,1,3,1,2,1,2,4
520,6,2,2,2,1,1,1,1,3,3,2,1,1
520,7,3,3,3,1,1,1,3,3,3,1,2,2
520,8,4,4,3,1,1,1,3,2,3,2,3,4
524,5,1,1,1,1,1,1,3,1,2,1,2,4
524,6,2,2,2,1,1,1,1,3,3,2,1,1
524,7,3,3,3,1,1,1,3,3,3,1,2,2
524,8,4,4,2,1,1,1,3,2,3,2,3,4
